1733730	0.00549316	-0.00244141	1.00048828
1733830	0.00500488	-0.00451660	1.00048828
1733930	0.00439453	-0.00402832	1.00036621
1734030	0.00573730	-0.00451660	1.00036621
1734130	0.00488281	-0.00476074	1.00048828
1734230	0.00561523	-0.00488281	1.00097656
1734330	0.00610352	-0.00585938	1.00146484
1734430	0.00646973	-0.00524902	1.00134277
1734530	0.00646973	-0.00378418	1.00085449
1734630	0.00634766	-0.00402832	1.00134277
1734730	0.00671387	-0.00292969	1.00073242
1734830	0.00634766	-0.00231934	1.00048828
1734930	0.00610352	-0.00317383	1.00048828
1735030	0.00769043	-0.00354004	1.00048828
1735130	0.00720215	-0.00329590	1.00048828
1735230	0.00720215	-0.00244141	1.00048828
1735330	0.00659180	-0.00354004	1.00048828
1735430	0.00610352	-0.00341797	1.00048828
1735530	0.00634766	-0.00341797	1.00061035
1735630	0.00622559	-0.00292969	1.00048828
1735730	0.00659180	-0.00439453	1.00048828
1735830	0.00512695	-0.00329590	1.00061035
1735930	0.00573730	-0.00390625	1.00024414
1736030	0.00646973	-0.00354004	1.00036621
1736130	0.00524902	-0.00463867	1.00048828
1736230	0.00659180	-0.00427246	1.00061035
1736330	0.00622559	-0.00427246	1.00036621
1736430	0.00646973	-0.00329590	1.00048828
1736530	0.00610352	-0.00354004	1.00048828
1736630	0.00732422	-0.00390625	1.00048828
1736730	0.00561523	-0.00415039	1.00048828
1736830	0.00610352	-0.00439453	1.00061035
1736930	0.00610352	-0.00439453	1.00061035
1737030	0.00634766	-0.00378418	1.00048828
1737130	0.00708008	-0.00476074	1.00061035
1737230	0.00744629	-0.00451660	1.00061035
1737330	0.00683594	-0.00231934	1.00048828
1737430	0.00695801	-0.00354004	1.00048828
1737530	0.00671387	-0.00305176	1.00048828
1737630	0.00610352	-0.00268555	1.00048828
1737730	0.00708008	-0.00292969	1.00061035
1737830	0.00622559	-0.00415039	1.00048828
1737930	0.00659180	-0.00402832	1.00061035
1738030	0.00622559	-0.00537109	1.00048828
1738130	0.00659180	-0.00329590	1.00048828
1738230	0.00634766	-0.00366211	1.00048828
1738330	0.00744629	-0.00366211	1.00061035
1738430	0.00634766	-0.00476074	1.00048828
1738530	0.00756836	-0.00366211	1.00061035
1738630	0.00720215	-0.00341797	1.00048828
1738730	0.00634766	-0.00329590	1.00048828
1738830	0.00610352	-0.00366211	1.00061035
1738930	0.00683594	-0.00317383	1.00048828
1739030	0.00781250	-0.00305176	1.00048828
1739130	0.00671387	-0.00390625	1.00048828
1739230	0.00708008	-0.00305176	1.00048828
1739330	0.00769043	-0.00341797	1.00048828
1739430	0.00805664	-0.00354004	1.00048828
1739530	0.00781250	-0.00292969	1.00048828
1739630	0.00683594	-0.00244141	1.00024414
1739730	0.00695801	-0.00317383	1.00048828
1739830	0.00646973	-0.00317383	1.00061035
1739930	0.00720215	-0.00329590	1.00048828
1740030	0.00744629	-0.00317383	1.00061035
1740130	0.00683594	-0.00341797	1.00048828
1740230	0.00671387	-0.00305176	1.00000000
1740330	0.00744629	-0.00329590	1.00048828
1740430	0.00781250	-0.00366211	1.00048828
1740530	0.00744629	-0.00415039	1.00048828
1740630	0.00634766	-0.00415039	1.00048828
1740730	0.00646973	-0.00378418	1.00048828
1740830	0.00573730	-0.00512695	1.00048828
1740930	0.00549316	-0.00439453	1.00048828
1741030	0.00415039	-0.00500488	1.00048828
1741130	0.00561523	-0.00378418	1.00012207
1741230	0.00451660	-0.00402832	1.00048828
1741330	0.00671387	-0.00402832	1.00024414
1741430	0.00646973	-0.00476074	1.00048828
1741530	0.00671387	-0.00415039	1.00048828
1741630	0.00610352	-0.00476074	1.00085449
1741730	0.00659180	-0.00402832	1.00207520
1741830	0.00683594	-0.00427246	1.00134277
1741930	0.00634766	-0.00305176	1.00085449
1742030	0.00695801	-0.00268555	1.00048828
1742130	0.00622559	-0.00219727	1.00048828
1742230	0.00695801	-0.00231934	0.99987793
1742330	0.00744629	-0.00244141	1.00048828
1742430	0.00781250	-0.00183105	1.00048828
1742530	0.00659180	-0.00158691	1.00061035
1742630	0.00720215	-0.00195313	1.00036621
1742730	0.00598145	-0.00231934	1.00036621
1742830	0.00512695	-0.00329590	1.00048828
1742930	0.00622559	-0.00256348	1.00048828
1743030	0.00427246	-0.00415039	1.00048828
1743130	0.00463867	-0.00329590	1.00036621
1743230	0.00524902	-0.00378418	1.00048828
1743330	0.00451660	-0.00427246	1.00061035
1743430	0.00390625	-0.00524902	1.00048828
1743530	0.00476074	-0.00500488	1.00048828
1743630	0.00378418	-0.00378418	1.00048828
1743730	0.00427246	-0.00427246	1.00024414
1743830	0.00598145	-0.00317383	1.00048828
1743930	0.00561523	-0.00317383	1.00048828
1744030	0.00756836	-0.00280762	1.00048828
1744130	0.00720215	-0.00207520	1.00012207
1744230	0.00732422	-0.00170898	1.00048828
1744330	0.00708008	-0.00170898	1.00048828
1744430	0.00720215	-0.00146484	1.00024414
1744530	0.00769043	-0.00122070	1.00012207
1744630	0.00708008	-0.00183105	1.00048828
1744730	0.00598145	-0.00146484	1.00048828
1744830	0.00634766	-0.00256348	1.00048828
1744930	0.00646973	-0.00280762	1.00048828
1745030	0.00622559	-0.00292969	1.00012207
1745130	0.00622559	-0.00341797	1.00000000
1745230	0.00451660	-0.00378418	1.00048828
1745330	0.00439453	-0.00402832	1.00048828
1745430	0.00451660	-0.00378418	1.00036621
1745530	0.00451660	-0.00305176	1.00048828
1745630	0.00488281	-0.00427246	1.00036621
1745730	0.00439453	-0.00390625	1.00024414
1745830	0.00549316	-0.00305176	1.00048828
1745930	0.00439453	-0.00415039	1.00036621
1746030	0.00512695	-0.00378418	1.00048828
1746130	0.00476074	-0.00317383	1.00036621
1746230	0.00439453	-0.00219727	1.00048828
1746330	0.00378418	-0.00256348	1.00048828
1746430	0.00476074	-0.00231934	1.00048828
1746530	0.00500488	-0.00207520	1.00048828
1746630	0.00573730	-0.00305176	1.00036621
1746730	0.00561523	-0.00292969	1.00048828
1746830	0.00512695	-0.00244141	1.00061035
1746930	0.00622559	-0.00268555	1.00048828
1747030	0.00488281	-0.00183105	1.00048828
1747130	0.00500488	-0.00195313	1.00048828
1747230	0.00598145	-0.00195313	1.00036621
1747330	0.00537109	-0.00244141	1.00048828
1747430	0.00463867	-0.00183105	1.00048828
1747530	0.00463867	-0.00170898	1.00048828
1747630	0.00427246	-0.00244141	1.00048828
1747730	0.00402832	-0.00317383	1.00048828
1747830	0.00512695	-0.00317383	1.00048828
1747930	0.00427246	-0.00366211	1.00048828
1748030	0.00402832	-0.00402832	1.00048828
1748130	0.00463867	-0.00390625	1.00048828
1748230	0.00439453	-0.00341797	1.00061035
1748330	0.00402832	-0.00402832	1.00048828
1748430	0.00500488	-0.00390625	1.00048828
1748530	0.00488281	-0.00366211	1.00048828
1748630	0.00366211	-0.00415039	1.00061035
1748730	0.00549316	-0.00341797	1.00048828
1748830	0.00537109	-0.00439453	1.00061035
1748930	0.00463867	-0.00256348	1.00036621
1749030	0.00512695	-0.00292969	1.00048828
1749130	0.00463867	-0.00183105	1.00048828
1749230	0.00549316	-0.00158691	1.00048828
1749330	0.00671387	-0.00207520	1.00048828
1749430	0.00610352	-0.00231934	1.00036621
1749530	0.00659180	-0.00146484	1.00048828
1749630	0.00598145	-0.00256348	1.00048828
1749730	0.00646973	-0.00268555	1.00048828
1749830	0.00671387	-0.00195313	1.00024414
1749930	0.00683594	-0.00329590	1.00061035
1750030	0.00573730	-0.00439453	1.00061035
1750130	0.00476074	-0.00488281	1.00073242
1750230	0.00512695	-0.00439453	1.00109863
1750330	0.00500488	-0.00390625	1.00183105
1750430	0.00524902	-0.00341797	1.00097656
1750530	0.00463867	-0.00415039	1.00085449
1750630	0.00537109	-0.00354004	1.00061035
1750730	0.00476074	-0.00366211	1.00061035
1750830	0.00561523	-0.00378418	1.00048828
1750930	0.00537109	-0.00390625	1.00061035
1751030	0.00585938	-0.00305176	1.00048828
1751130	0.00720215	-0.00292969	1.00048828
1751230	0.00695801	-0.00305176	1.00012207
1751330	0.00732422	-0.00280762	1.00061035
1751430	0.00769043	-0.00219727	1.00048828
1751530	0.00646973	-0.00280762	1.00061035
1751630	0.00769043	-0.00207520	1.00061035
1751730	0.00695801	-0.00341797	1.00048828
1751830	0.00769043	-0.00390625	1.00048828
1751930	0.00720215	-0.00329590	1.00048828
1752030	0.00622559	-0.00439453	1.00048828
1752130	0.00463867	-0.00451660	1.00048828
1752230	0.00402832	-0.00329590	1.00048828
1752330	0.00451660	-0.00439453	1.00048828
1752430	0.00549316	-0.00451660	1.00048828
1752530	0.00476074	-0.00439453	1.00048828
1752630	0.00427246	-0.00549316	1.00061035
1752730	0.00476074	-0.00549316	1.00048828
1752830	0.00500488	-0.00537109	1.00048828
1752930	0.00708008	-0.00439453	1.00048828
1753030	0.00585938	-0.00451660	1.00061035
1753130	0.00708008	-0.00402832	1.00061035
1753230	0.00720215	-0.00207520	1.00036621
1753330	0.00659180	-0.00170898	1.00036621
1753430	0.00793457	-0.00158691	1.00048828
1753530	0.00866699	-0.00097656	1.00048828
1753630	0.00817871	-0.00183105	1.00061035
1753730	0.00720215	-0.00183105	1.00048828
1753830	0.00720215	-0.00219727	1.00048828
1753930	0.00622559	-0.00256348	1.00048828
1754030	0.00610352	-0.00378418	1.00048828
1754130	0.00561523	-0.00329590	1.00048828
1754230	0.00488281	-0.00341797	1.00061035
1754330	0.00402832	-0.00341797	1.00048828
1754430	0.00463867	-0.00427246	1.00048828
1754530	0.00378418	-0.00512695	1.00048828
1754630	0.00366211	-0.00549316	0.99987793
1754730	0.00610352	-0.00524902	1.00061035
1754830	0.00549316	-0.00537109	1.00000000
1754930	0.00549316	-0.00488281	1.00048828
1755030	0.00585938	-0.00366211	1.00048828
1755130	0.00683594	-0.00305176	1.00036621
1755230	0.00744629	-0.00329590	1.00048828
1755330	0.00708008	-0.00170898	1.00048828
1755430	0.00634766	-0.00256348	1.00048828
1755530	0.00732422	-0.00207520	1.00048828
1755630	0.00805664	-0.00183105	1.00048828
1755730	0.00695801	-0.00244141	1.00048828
1755830	0.00708008	-0.00268555	1.00036621
1755930	0.00756836	-0.00341797	1.00048828
1756030	0.00634766	-0.00292969	1.00048828
1756130	0.00549316	-0.00280762	1.00036621
1756230	0.00622559	-0.00305176	1.00048828
1756330	0.00512695	-0.00476074	1.00048828
1756430	0.00476074	-0.00488281	1.00012207
1756530	0.00549316	-0.00549316	1.00048828
1756630	0.00476074	-0.00598145	1.00048828
1756730	0.00427246	-0.00463867	1.00036621
1756830	0.00598145	-0.00476074	1.00012207
1756930	0.00537109	-0.00415039	1.00012207
1757030	0.00695801	-0.00415039	0.99938965
1757130	0.00769043	-0.00366211	1.00048828
1757230	0.00781250	-0.00415039	1.00012207
1757330	0.00793457	-0.00280762	1.00109863
1757430	0.00744629	-0.00268555	1.00073242
1757530	0.00781250	-0.00195313	1.00073242
1757630	0.00769043	-0.00231934	1.00073242
1757730	0.00744629	-0.00354004	1.00061035
1757830	0.00769043	-0.00366211	1.00048828
1757930	0.00793457	-0.00439453	1.00048828
1758030	0.00756836	-0.00305176	1.00048828
1758130	0.00634766	-0.00366211	0.99963379
1758230	0.00732422	-0.00317383	1.00024414
1758330	0.00585938	-0.00378418	1.00048828
1758430	0.00598145	-0.00463867	1.00048828
1758530	0.00646973	-0.00463867	1.00048828
1758630	0.00537109	-0.00524902	1.00048828
1758730	0.00610352	-0.00476074	1.00048828
1758830	0.00622559	-0.00463867	1.00024414
1758930	0.00634766	-0.00402832	1.00048828
1759030	0.00695801	-0.00439453	1.00048828
1759130	0.00683594	-0.00354004	1.00036621
1759230	0.00744629	-0.00402832	1.00024414
1759330	0.00646973	-0.00329590	1.00048828
1759430	0.00695801	-0.00329590	1.00048828
1759530	0.00781250	-0.00378418	1.00061035
1759630	0.00793457	-0.00317383	1.00048828
1759730	0.00744629	-0.00354004	1.00048828
1759830	0.00708008	-0.00378418	1.00061035
1759930	0.00659180	-0.00268555	1.00048828
1760030	0.00720215	-0.00256348	1.00048828
1760130	0.00671387	-0.00341797	1.00048828
1760230	0.00646973	-0.00231934	1.00024414
1760330	0.00720215	-0.00280762	1.00024414
1760430	0.00659180	-0.00268555	1.00048828
1760530	0.00683594	-0.00366211	1.00048828
1760630	0.00695801	-0.00415039	1.00048828
1760730	0.00610352	-0.00439453	1.00048828
1760830	0.00622559	-0.00427246	1.00048828
1760930	0.00646973	-0.00415039	1.00048828
1761030	0.00683594	-0.00378418	1.00036621
1761130	0.00610352	-0.00305176	0.99963379
1761230	0.00695801	-0.00378418	1.00048828
1761330	0.00659180	-0.00366211	1.00012207
1761430	0.00756836	-0.00317383	1.00048828
1761530	0.00683594	-0.00366211	1.00048828
1761630	0.00671387	-0.00341797	1.00048828
1761730	0.00756836	-0.00268555	1.00048828
1761830	0.00622559	-0.00292969	1.00036621
1761930	0.00720215	-0.00305176	1.00048828
1762030	0.00585938	-0.00305176	1.00048828
1762130	0.00646973	-0.00244141	1.00048828
1762230	0.00598145	-0.00244141	1.00012207
1762330	0.00610352	-0.00366211	1.00048828
1762430	0.00537109	-0.00354004	1.00061035
1762530	0.00622559	-0.00415039	1.00048828
1762630	0.00634766	-0.00439453	1.00048828
1762730	0.00512695	-0.00415039	1.00048828
1762830	0.00524902	-0.00463867	1.00048828
1762930	0.00512695	-0.00415039	1.00048828
1763030	0.00488281	-0.00415039	1.00061035
1763130	0.00634766	-0.00402832	1.00048828
1763230	0.00549316	-0.00256348	1.00024414
1763330	0.00683594	-0.00415039	1.00048828
1763430	0.00585938	-0.00366211	1.00048828
1763530	0.00756836	-0.00341797	1.00048828
1763630	0.00744629	-0.00292969	1.00061035
1763730	0.00646973	-0.00305176	1.00036621
1763830	0.00695801	-0.00195313	1.00061035
1763930	0.00683594	-0.00305176	1.00048828
1764030	0.00708008	-0.00354004	1.00048828
1764130	0.00573730	-0.00256348	1.00048828
1764230	0.00646973	-0.00366211	1.00048828
1764330	0.00610352	-0.00439453	1.00048828
1764430	0.00610352	-0.00231934	1.00036621
1764530	0.00585938	-0.00451660	1.00036621
1764630	0.00463867	-0.00451660	1.00061035
1764730	0.00610352	-0.00378418	1.00048828
1764830	0.00476074	-0.00415039	0.99987793
1764930	0.00512695	-0.00402832	1.00036621
1765030	0.00561523	-0.00366211	1.00048828
1765130	0.00549316	-0.00415039	1.00048828
1765230	0.00634766	-0.00305176	1.00048828
1765330	0.00744629	-0.00378418	0.99987793
1765430	0.00805664	-0.00354004	1.00036621
1765530	0.00708008	-0.00390625	1.00036621
1765630	0.00695801	-0.00451660	1.00012207
1765730	0.00720215	-0.00305176	1.00073242
1765830	0.00805664	-0.00366211	1.00146484
1765930	0.00756836	-0.00329590	1.00097656
1766030	0.00720215	-0.00341797	1.00061035
1766130	0.00769043	-0.00378418	1.00097656
1766230	0.00744629	-0.00366211	1.00061035
1766330	0.00573730	-0.00219727	1.00048828
1766430	0.00634766	-0.00268555	1.00048828
1766530	0.00683594	-0.00366211	1.00061035
1766630	0.00585938	-0.00476074	1.00061035
1766730	0.00537109	-0.00463867	1.00048828
1766830	0.00561523	-0.00427246	1.00048828
1766930	0.00610352	-0.00439453	1.00048828
1767030	0.00537109	-0.00415039	1.00036621
1767130	0.00561523	-0.00427246	1.00048828
1767230	0.00598145	-0.00451660	1.00048828
1767330	0.00622559	-0.00378418	1.00048828
1767430	0.00573730	-0.00463867	1.00048828
1767530	0.00622559	-0.00292969	1.00048828
1767630	0.00683594	-0.00329590	1.00048828
1767730	0.00659180	-0.00341797	1.00048828
1767830	0.00634766	-0.00439453	1.00048828
1767930	0.00756836	-0.00329590	1.00048828
1768030	0.00695801	-0.00329590	1.00048828
1768130	0.00769043	-0.00231934	1.00061035
1768230	0.00695801	-0.00292969	1.00048828
1768330	0.00720215	-0.00329590	1.00048828
1768430	0.00781250	-0.00354004	1.00048828
1768530	0.00720215	-0.00402832	1.00061035
1768630	0.00708008	-0.00341797	1.00048828
1768730	0.00622559	-0.00366211	1.00048828
1768830	0.00756836	-0.00427246	1.00048828
1768930	0.00732422	-0.00366211	1.00024414
1769030	0.00622559	-0.00292969	1.00048828
1769130	0.00598145	-0.00427246	1.00036621
1769230	0.00659180	-0.00305176	1.00036621
1769330	0.00585938	-0.00305176	1.00048828
1769430	0.00585938	-0.00341797	1.00036621
1769530	0.00671387	-0.00354004	1.00048828
1769630	0.00634766	-0.00354004	1.00061035
1769730	0.00622559	-0.00463867	1.00048828
1769830	0.00756836	-0.00427246	1.00048828
1769930	0.00585938	-0.00390625	1.00012207
1770030	0.00683594	-0.00390625	0.99951172
1770130	0.00524902	-0.00390625	1.00048828
1770230	0.00598145	-0.00415039	1.00036621
1770330	0.00634766	-0.00354004	1.00036621
1770430	0.00646973	-0.00354004	1.00048828
1770530	0.00695801	-0.00292969	1.00048828
1770630	0.00646973	-0.00378418	1.00048828
1770730	0.00671387	-0.00341797	1.00048828
1770830	0.00744629	-0.00354004	1.00048828
1770930	0.00671387	-0.00366211	1.00048828
1771030	0.00708008	-0.00329590	1.00036621
1771130	0.00695801	-0.00305176	1.00048828
1771230	0.00683594	-0.00268555	1.00048828
1771330	0.00634766	-0.00256348	1.00048828
1771430	0.00524902	-0.00317383	1.00048828
1771530	0.00634766	-0.00415039	1.00048828
1771630	0.00671387	-0.00439453	1.00048828
1771730	0.00634766	-0.00500488	1.00000000
1771830	0.00610352	-0.00354004	1.00048828
1771930	0.00585938	-0.00317383	1.00048828
1772030	0.00646973	-0.00231934	1.00024414
1772130	0.00671387	-0.00256348	1.00048828
1772230	0.00708008	-0.00170898	0.99975586
1772330	0.00720215	-0.00219727	1.00036621
1772430	0.00695801	-0.00207520	1.00036621
1772530	0.00756836	-0.00329590	1.00048828
1772630	0.00695801	-0.00268555	1.00036621
1772730	0.00683594	-0.00366211	0.99926758
1772830	0.00646973	-0.00402832	1.00036621
1772930	0.00610352	-0.00476074	1.00097656
1773030	0.00549316	-0.00366211	1.00085449
1773130	0.00561523	-0.00366211	1.00085449
1773230	0.00476074	-0.00415039	1.00109863
1773330	0.00561523	-0.00439453	1.00061035
1773430	0.00537109	-0.00512695	1.00048828
1773530	0.00512695	-0.00500488	1.00048828
1773630	0.00622559	-0.00439453	1.00048828
1773730	0.00573730	-0.00427246	1.00048828
1773830	0.00573730	-0.00463867	1.00048828
1773930	0.00695801	-0.00378418	1.00048828
1774030	0.00659180	-0.00488281	1.00048828
1774130	0.00610352	-0.00329590	1.00061035
1774230	0.00683594	-0.00329590	1.00048828
1774330	0.00646973	-0.00463867	1.00048828
1774430	0.00695801	-0.00341797	1.00036621
1774530	0.00744629	-0.00305176	1.00048828
1774630	0.00671387	-0.00280762	1.00061035
1774730	0.00659180	-0.00317383	1.00048828
1774830	0.00720215	-0.00317383	1.00048828
1774930	0.00695801	-0.00268555	1.00012207
1775030	0.00756836	-0.00341797	1.00048828
1775130	0.00720215	-0.00268555	1.00024414
1775230	0.00622559	-0.00305176	1.00000000
1775330	0.00622559	-0.00292969	1.00036621
1775430	0.00659180	-0.00390625	1.00036621
1775530	0.00598145	-0.00354004	1.00048828
1775630	0.00610352	-0.00439453	1.00000000
1775730	0.00561523	-0.00500488	0.99926758
1775830	0.00622559	-0.00354004	1.00024414
1775930	0.00610352	-0.00463867	1.00036621
1776030	0.00610352	-0.00427246	1.00048828
1776130	0.00585938	-0.00439453	1.00061035
1776230	0.00659180	-0.00439453	1.00036621
1776330	0.00646973	-0.00402832	1.00048828
1776430	0.00585938	-0.00354004	1.00048828
1776530	0.00683594	-0.00366211	1.00061035
1776630	0.00732422	-0.00317383	1.00048828
1776730	0.00756836	-0.00329590	1.00024414
1776830	0.00744629	-0.00305176	1.00048828
1776930	0.00695801	-0.00207520	1.00048828
1777030	0.00769043	-0.00317383	1.00036621
1777130	0.00781250	-0.00280762	1.00061035
1777230	0.00659180	-0.00415039	1.00048828
1777330	0.00781250	-0.00427246	1.00048828
1777430	0.00646973	-0.00415039	1.00048828
1777530	0.00598145	-0.00476074	1.00048828
1777630	0.00622559	-0.00378418	1.00061035
1777730	0.00598145	-0.00463867	1.00048828
1777830	0.00671387	-0.00341797	1.00036621
1777930	0.00598145	-0.00427246	1.00048828
1778030	0.00634766	-0.00378418	1.00048828
1778130	0.00585938	-0.00354004	1.00048828
1778230	0.00671387	-0.00305176	1.00048828
1778330	0.00683594	-0.00317383	1.00061035
1778430	0.00671387	-0.00390625	1.00048828
1778530	0.00598145	-0.00378418	1.00048828
1778630	0.00646973	-0.00390625	1.00061035
1778730	0.00659180	-0.00390625	1.00061035
1778830	0.00598145	-0.00378418	1.00048828
1778930	0.00598145	-0.00366211	1.00061035
1779030	0.00537109	-0.00402832	1.00048828
1779130	0.00646973	-0.00354004	1.00012207
1779230	0.00598145	-0.00305176	1.00048828
1779330	0.00683594	-0.00378418	1.00048828
1779430	0.00585938	-0.00415039	1.00073242
1779530	0.00622559	-0.00366211	1.00048828
1779630	0.00573730	-0.00341797	1.00048828
1779730	0.00598145	-0.00244141	1.00024414
1779830	0.00537109	-0.00305176	1.00024414
1779930	0.00573730	-0.00305176	1.00048828
1780030	0.00610352	-0.00268555	1.00048828
1780130	0.00634766	-0.00354004	1.00048828
1780230	0.00659180	-0.00292969	1.00024414
1780330	0.00561523	-0.00329590	1.00048828
1780430	0.00610352	-0.00378418	1.00048828
1780530	0.00634766	-0.00402832	1.00048828
1780630	0.00585938	-0.00415039	1.00024414
1780730	0.00598145	-0.00439453	1.00024414
1780830	0.00671387	-0.00500488	1.00061035
1780930	0.00720215	-0.00402832	1.00048828
1781030	0.00646973	-0.00378418	1.00024414
1781130	0.00732422	-0.00341797	1.00036621
1781230	0.00720215	-0.00415039	0.99963379
1781330	0.00683594	-0.00402832	1.00073242
1781430	0.00744629	-0.00390625	1.00097656
1781530	0.00695801	-0.00317383	1.00158691
1781630	0.00610352	-0.00354004	1.00122070
1781730	0.00732422	-0.00390625	1.00097656
1781830	0.00683594	-0.00378418	1.00061035
1781930	0.00646973	-0.00317383	1.00048828
1782030	0.00708008	-0.00305176	1.00048828
1782130	0.00634766	-0.00341797	1.00048828
1782230	0.00610352	-0.00341797	1.00048828
1782330	0.00500488	-0.00402832	1.00048828
1782430	0.00598145	-0.00354004	1.00048828
1782530	0.00634766	-0.00427246	1.00061035
1782630	0.00634766	-0.00402832	1.00061035
1782730	0.00634766	-0.00390625	1.00061035
1782830	0.00659180	-0.00354004	1.00048828
1782930	0.00756836	-0.00305176	1.00048828
1783030	0.00610352	-0.00354004	1.00048828
1783130	0.00683594	-0.00244141	1.00048828
1783230	0.00537109	-0.00268555	1.00061035
1783330	0.00585938	-0.00231934	1.00061035
1783430	0.00610352	-0.00280762	1.00061035
1783530	0.00671387	-0.00317383	1.00048828
1783630	0.00585938	-0.00268555	1.00048828
1783730	0.00561523	-0.00317383	1.00048828
1783830	0.00598145	-0.00305176	1.00048828
1783930	0.00488281	-0.00366211	1.00048828
1784030	0.00549316	-0.00354004	1.00048828
1784130	0.00610352	-0.00280762	1.00048828
1784230	0.00585938	-0.00402832	1.00048828
1784330	0.00549316	-0.00354004	1.00048828
1784430	0.00598145	-0.00463867	1.00048828
1784530	0.00585938	-0.00415039	1.00048828
1784630	0.00610352	-0.00402832	1.00048828
1784730	0.00512695	-0.00427246	1.00048828
1784830	0.00500488	-0.00378418	1.00048828
1784930	0.00610352	-0.00390625	1.00048828
1785030	0.00537109	-0.00329590	1.00048828
1785130	0.00561523	-0.00390625	1.00048828
1785230	0.00671387	-0.00366211	1.00048828
1785330	0.00646973	-0.00305176	1.00061035
1785430	0.00646973	-0.00329590	1.00048828
1785530	0.00659180	-0.00268555	1.00048828
1785630	0.00573730	-0.00341797	1.00048828
1785730	0.00598145	-0.00292969	1.00048828
1785830	0.00585938	-0.00231934	1.00048828
1785930	0.00537109	-0.00317383	1.00048828
1786030	0.00622559	-0.00329590	1.00012207
1786130	0.00585938	-0.00317383	1.00048828
1786230	0.00488281	-0.00341797	1.00048828
1786330	0.00463867	-0.00366211	1.00061035
1786430	0.00622559	-0.00427246	1.00048828
1786530	0.00500488	-0.00305176	1.00048828
1786630	0.00573730	-0.00451660	1.00048828
1786730	0.00598145	-0.00354004	1.00048828
1786830	0.00573730	-0.00390625	1.00061035
1786930	0.00610352	-0.00280762	1.00048828
1787030	0.00634766	-0.00292969	1.00048828
1787130	0.00683594	-0.00268555	1.00048828
1787230	0.00598145	-0.00292969	1.00048828
1787330	0.00683594	-0.00268555	1.00048828
1787430	0.00646973	-0.00329590	1.00012207
1787530	0.00744629	-0.00354004	1.00024414
1787630	0.00537109	-0.00280762	1.00048828
1787730	0.00708008	-0.00231934	1.00048828
1787830	0.00683594	-0.00341797	1.00048828
1787930	0.00671387	-0.00378418	1.00012207
1788030	0.00598145	-0.00341797	1.00012207
1788130	0.00585938	-0.00354004	1.00024414
1788230	0.00598145	-0.00439453	0.99926758
1788330	0.00732422	-0.00476074	1.00012207
1788430	0.00683594	-0.00439453	0.99951172
1788530	0.00573730	-0.00390625	1.00097656
1788630	0.00585938	-0.00402832	1.00085449
1788730	0.00512695	-0.00305176	1.00097656
1788830	0.00610352	-0.00354004	1.00109863
1788930	0.00476074	-0.00390625	1.00085449
1789030	0.00585938	-0.00317383	1.00048828
1789130	0.00683594	-0.00280762	1.00048828
1789230	0.00537109	-0.00463867	1.00048828
1789330	0.00646973	-0.00366211	1.00061035
1789430	0.00549316	-0.00354004	1.00048828
1789530	0.00573730	-0.00341797	1.00061035
1789630	0.00732422	-0.00256348	1.00061035
1789730	0.00695801	-0.00292969	1.00061035
1789830	0.00573730	-0.00317383	1.00048828
1789930	0.00671387	-0.00341797	1.00061035
1790030	0.00585938	-0.00354004	1.00048828
1790130	0.00573730	-0.00292969	1.00048828
1790230	0.00659180	-0.00256348	1.00061035
1790330	0.00659180	-0.00390625	1.00048828
1790430	0.00695801	-0.00366211	1.00061035
1790530	0.00561523	-0.00366211	1.00061035
1790630	0.00695801	-0.00378418	1.00061035
1790730	0.00634766	-0.00354004	1.00048828
1790830	0.00585938	-0.00366211	1.00048828
1790930	0.00622559	-0.00366211	1.00048828
1791030	0.00598145	-0.00305176	1.00048828
1791130	0.00683594	-0.00390625	1.00061035
1791230	0.00695801	-0.00292969	1.00061035
1791330	0.00610352	-0.00390625	1.00048828
1791430	0.00695801	-0.00317383	1.00061035
1791530	0.00671387	-0.00378418	1.00061035
1791630	0.00683594	-0.00341797	1.00061035
1791730	0.00585938	-0.00415039	1.00048828
1791830	0.00622559	-0.00378418	1.00048828
1791930	0.00646973	-0.00415039	1.00048828
1792030	0.00646973	-0.00476074	1.00061035
1792130	0.00561523	-0.00463867	1.00061035
1792230	0.00561523	-0.00378418	1.00061035
1792330	0.00500488	-0.00512695	1.00048828
1792430	0.00634766	-0.00463867	1.00048828
1792530	0.00549316	-0.00390625	1.00048828
1792630	0.00659180	-0.00341797	1.00048828
1792730	0.00659180	-0.00415039	1.00048828
1792830	0.00708008	-0.00195313	1.00036621
1792930	0.00659180	-0.00280762	1.00048828
1793030	0.00720215	-0.00207520	1.00061035
1793130	0.00683594	-0.00170898	1.00048828
1793230	0.00610352	-0.00292969	1.00048828
1793330	0.00622559	-0.00341797	1.00061035
1793430	0.00708008	-0.00305176	1.00061035
1793530	0.00671387	-0.00341797	1.00048828
1793630	0.00646973	-0.00317383	1.00036621
1793730	0.00708008	-0.00305176	1.00036621
1793830	0.00549316	-0.00366211	1.00048828
1793930	0.00549316	-0.00378418	1.00024414
1794030	0.00549316	-0.00439453	1.00036621
1794130	0.00561523	-0.00415039	1.00036621
1794230	0.00561523	-0.00476074	1.00048828
1794330	0.00549316	-0.00439453	1.00048828
1794430	0.00561523	-0.00415039	1.00048828
1794530	0.00427246	-0.00317383	1.00061035
1794630	0.00537109	-0.00402832	1.00048828
1794730	0.00549316	-0.00415039	1.00061035
1794830	0.00634766	-0.00244141	1.00048828
1794930	0.00561523	-0.00219727	1.00024414
1795030	0.00561523	-0.00280762	1.00048828
1795130	0.00537109	-0.00341797	1.00048828
1795230	0.00659180	-0.00244141	1.00036621
1795330	0.00561523	-0.00244141	1.00048828
1795430	0.00671387	-0.00244141	1.00048828
1795530	0.00634766	-0.00244141	1.00036621
1795630	0.00708008	-0.00256348	1.00048828
1795730	0.00732422	-0.00280762	1.00036621
1795830	0.00708008	-0.00244141	1.00048828
1795930	0.00646973	-0.00366211	1.00048828
1796030	0.00549316	-0.00268555	1.00061035
1796130	0.00549316	-0.00305176	1.00048828
1796230	0.00488281	-0.00366211	1.00048828
1796330	0.00463867	-0.00366211	1.00000000
1796430	0.00537109	-0.00463867	1.00036621
1796530	0.00622559	-0.00317383	1.00061035
1796630	0.00671387	-0.00354004	1.00048828
1796730	0.00659180	-0.00439453	1.00048828
1796830	0.00549316	-0.00378418	0.99975586
1796930	0.00537109	-0.00354004	1.00048828
1797030	0.00585938	-0.00354004	1.00048828
1797130	0.00585938	-0.00378418	1.00000000
1797230	0.00598145	-0.00378418	1.00085449
1797330	0.00695801	-0.00378418	1.00122070
1797430	0.00549316	-0.00427246	1.00109863
1797530	0.00610352	-0.00329590	1.00122070
1797630	0.00549316	-0.00292969	1.00061035
1797730	0.00610352	-0.00280762	1.00048828
1797830	0.00549316	-0.00354004	1.00048828
1797930	0.00634766	-0.00354004	1.00036621
1798030	0.00524902	-0.00378418	1.00036621
1798130	0.00524902	-0.00378418	1.00048828
1798230	0.00598145	-0.00292969	1.00048828
1798330	0.00585938	-0.00366211	1.00061035
1798430	0.00573730	-0.00366211	1.00048828
1798530	0.00524902	-0.00366211	1.00061035
1798630	0.00573730	-0.00329590	1.00036621
1798730	0.00610352	-0.00317383	1.00048828
1798830	0.00439453	-0.00378418	1.00036621
1798930	0.00378418	-0.00244141	1.00048828
1799030	0.00476074	-0.00317383	1.00036621
1799130	0.00463867	-0.00280762	1.00061035
1799230	0.00512695	-0.00390625	1.00048828
1799330	0.00561523	-0.00329590	1.00061035
1799430	0.00561523	-0.00378418	1.00048828
1799530	0.00549316	-0.00378418	1.00048828
1799630	0.00610352	-0.00366211	1.00048828
1799730	0.00549316	-0.00378418	1.00048828
1799830	0.00659180	-0.00244141	1.00048828
1799930	0.00622559	-0.00195313	1.00048828
1800030	0.00585938	-0.00207520	1.00061035
1800130	0.00671387	-0.00219727	1.00061035
1800230	0.00769043	-0.00219727	1.00036621
1800330	0.00695801	-0.00329590	1.00048828
1800430	0.00683594	-0.00378418	1.00048828
1800530	0.00756836	-0.00292969	1.00048828
1800630	0.00659180	-0.00317383	1.00048828
1800730	0.00659180	-0.00317383	1.00024414
1800830	0.00622559	-0.00390625	1.00048828
1800930	0.00622559	-0.00329590	1.00036621
1801030	0.00549316	-0.00354004	1.00024414
1801130	0.00561523	-0.00341797	1.00024414
1801230	0.00476074	-0.00329590	1.00048828
1801330	0.00537109	-0.00427246	1.00061035
1801430	0.00476074	-0.00476074	1.00000000
1801530	0.00549316	-0.00451660	1.00061035
1801630	0.00585938	-0.00427246	1.00048828
1801730	0.00634766	-0.00439453	1.00048828
1801830	0.00646973	-0.00402832	1.00061035
1801930	0.00646973	-0.00305176	1.00061035
1802030	0.00695801	-0.00305176	1.00036621
1802130	0.00695801	-0.00280762	1.00000000
1802230	0.00708008	-0.00292969	1.00048828
1802330	0.00695801	-0.00231934	1.00024414
1802430	0.00732422	-0.00268555	1.00036621
1802530	0.00683594	-0.00292969	1.00048828
1802630	0.00622559	-0.00231934	1.00036621
1802730	0.00537109	-0.00280762	1.00036621
1802830	0.00708008	-0.00292969	1.00036621
1802930	0.00537109	-0.00366211	1.00048828
1803030	0.00646973	-0.00415039	1.00048828
1803130	0.00585938	-0.00427246	1.00048828
1803230	0.00488281	-0.00390625	1.00048828
1803330	0.00488281	-0.00500488	1.00036621
1803430	0.00598145	-0.00463867	1.00024414
1803530	0.00561523	-0.00476074	1.00036621
1803630	0.00585938	-0.00488281	1.00048828
1803730	0.00610352	-0.00329590	1.00048828
1803830	0.00683594	-0.00402832	1.00036621
1803930	0.00610352	-0.00402832	1.00000000
1804030	0.00659180	-0.00451660	1.00012207
1804130	0.00756836	-0.00415039	1.00073242
1804230	0.00793457	-0.00317383	1.00073242
1804330	0.00695801	-0.00341797	1.00012207
1804430	0.00659180	-0.00341797	1.00097656
1804530	0.00683594	-0.00280762	1.00061035
1804630	0.00646973	-0.00170898	1.00048828
1804730	0.00610352	-0.00268555	1.00024414
1804830	0.00683594	-0.00378418	1.00048828
1804930	0.00598145	-0.00366211	1.00048828
1805030	0.00634766	-0.00439453	1.00048828
1805130	0.00646973	-0.00415039	1.00048828
1805230	0.00512695	-0.00366211	1.00048828
1805330	0.00476074	-0.00390625	1.00061035
1805430	0.00561523	-0.00378418	1.00024414
1805530	0.00512695	-0.00354004	1.00048828
1805630	0.00598145	-0.00292969	1.00048828
1805730	0.00622559	-0.00415039	1.00048828
1805830	0.00622559	-0.00476074	1.00048828
1805930	0.00561523	-0.00427246	1.00061035
1806030	0.00549316	-0.00378418	1.00061035
1806130	0.00549316	-0.00415039	1.00061035
1806230	0.00634766	-0.00256348	1.00061035
1806330	0.00598145	-0.00305176	1.00061035
1806430	0.00756836	-0.00329590	1.00048828
1806530	0.00659180	-0.00244141	1.00048828
1806630	0.00598145	-0.00219727	1.00061035
1806730	0.00720215	-0.00183105	1.00061035
1806830	0.00622559	-0.00268555	1.00061035
1806930	0.00634766	-0.00268555	1.00061035
1807030	0.00646973	-0.00256348	1.00061035
1807130	0.00598145	-0.00329590	1.00048828
1807230	0.00585938	-0.00329590	1.00061035
1807330	0.00585938	-0.00378418	1.00048828
1807430	0.00488281	-0.00390625	1.00048828
1807530	0.00524902	-0.00305176	1.00061035
1807630	0.00634766	-0.00366211	1.00048828
1807730	0.00500488	-0.00354004	1.00048828
1807830	0.00366211	-0.00390625	1.00061035
1807930	0.00573730	-0.00415039	1.00061035
1808030	0.00561523	-0.00415039	1.00061035
1808130	0.00537109	-0.00317383	1.00073242
1808230	0.00622559	-0.00390625	1.00061035
1808330	0.00646973	-0.00439453	1.00073242
1808430	0.00683594	-0.00268555	1.00048828
1808530	0.00671387	-0.00366211	1.00061035
1808630	0.00708008	-0.00183105	1.00085449
1808730	0.00671387	-0.00244141	1.00061035
1808830	0.00769043	-0.00244141	1.00048828
1808930	0.00781250	-0.00268555	1.00073242
1809030	0.00683594	-0.00280762	1.00061035
1809130	0.00683594	-0.00317383	1.00073242
1809230	0.00585938	-0.00317383	1.00061035
1809330	0.00634766	-0.00427246	1.00061035
1809430	0.00561523	-0.00341797	1.00085449
1809530	0.00708008	-0.00451660	1.00036621
1809630	0.00659180	-0.00280762	1.00048828
1809730	0.00598145	-0.00512695	1.00061035
1809830	0.00659180	-0.00402832	1.00061035
1809930	0.00573730	-0.00463867	1.00048828
1810030	0.00720215	-0.00415039	1.00073242
1810130	0.00561523	-0.00512695	1.00048828
1810230	0.00659180	-0.00512695	1.00048828
1810330	0.00744629	-0.00476074	1.00048828
1810430	0.00695801	-0.00415039	1.00048828
1810530	0.00683594	-0.00427246	1.00048828
1810630	0.00646973	-0.00378418	1.00061035
1810730	0.00732422	-0.00366211	1.00061035
1810830	0.00646973	-0.00280762	1.00048828
1810930	0.00695801	-0.00427246	1.00048828
1811030	0.00732422	-0.00415039	1.00061035
1811130	0.00769043	-0.00415039	1.00061035
1811230	0.00744629	-0.00341797	1.00061035
1811330	0.00708008	-0.00390625	1.00061035
1811430	0.00695801	-0.00366211	1.00048828
1811530	0.00769043	-0.00354004	1.00048828
1811630	0.00708008	-0.00390625	1.00048828
1811730	0.00671387	-0.00317383	1.00061035
1811830	0.00695801	-0.00378418	1.00048828
1811930	0.00659180	-0.00439453	1.00061035
1812030	0.00695801	-0.00524902	1.00061035
1812130	0.00683594	-0.00598145	1.00048828
1812230	0.00646973	-0.00402832	1.00036621
1812330	0.00769043	-0.00537109	1.00048828
1812430	0.00683594	-0.00537109	1.00048828
1812530	0.00720215	-0.00476074	1.00097656
1812630	0.00671387	-0.00488281	1.00109863
1812730	0.00720215	-0.00463867	1.00146484
1812830	0.00781250	-0.00415039	1.00109863
1812930	0.00817871	-0.00390625	1.00097656
1813030	0.00744629	-0.00378418	1.00073242
1813130	0.00769043	-0.00415039	1.00048828
1813230	0.00817871	-0.00341797	1.00061035
1813330	0.00720215	-0.00329590	1.00048828
1813430	0.00708008	-0.00317383	1.00024414
1813530	0.00793457	-0.00402832	1.00048828
1813630	0.00720215	-0.00329590	1.00061035
1813730	0.00756836	-0.00329590	1.00048828
1813830	0.00756836	-0.00427246	1.00048828
1813930	0.00646973	-0.00402832	1.00061035
1814030	0.00659180	-0.00402832	1.00048828
1814130	0.00695801	-0.00463867	1.00048828
1814230	0.00683594	-0.00451660	1.00061035
1814330	0.00659180	-0.00439453	1.00061035
1814430	0.00744629	-0.00463867	1.00061035
1814530	0.00683594	-0.00402832	1.00048828
1814630	0.00720215	-0.00341797	1.00048828
1814730	0.00732422	-0.00402832	1.00036621
1814830	0.00744629	-0.00341797	1.00073242
1814930	0.00646973	-0.00415039	1.00061035
1815030	0.00683594	-0.00354004	1.00061035
1815130	0.00781250	-0.00378418	1.00048828
1815230	0.00805664	-0.00463867	1.00061035
1815330	0.00805664	-0.00512695	1.00061035
1815430	0.00683594	-0.00378418	1.00048828
1815530	0.00720215	-0.00415039	1.00073242
1815630	0.00720215	-0.00439453	1.00048828
1815730	0.00756836	-0.00366211	1.00048828
1815830	0.00732422	-0.00415039	1.00061035
1815930	0.00732422	-0.00463867	1.00061035
1816030	0.00622559	-0.00390625	1.00073242
1816130	0.00561523	-0.00415039	1.00061035
1816230	0.00695801	-0.00549316	1.00048828
1816330	0.00744629	-0.00439453	1.00061035
1816430	0.00659180	-0.00439453	1.00073242
1816530	0.00720215	-0.00402832	1.00061035
1816630	0.00671387	-0.00390625	1.00048828
1816730	0.00744629	-0.00341797	1.00036621
1816830	0.00744629	-0.00354004	1.00061035
1816930	0.00646973	-0.00378418	1.00061035
1817030	0.00646973	-0.00378418	1.00061035
1817130	0.00598145	-0.00402832	1.00073242
1817230	0.00646973	-0.00329590	1.00048828
1817330	0.00610352	-0.00317383	1.00061035
1817430	0.00622559	-0.00354004	1.00048828
1817530	0.00598145	-0.00317383	1.00048828
1817630	0.00622559	-0.00341797	1.00048828
1817730	0.00683594	-0.00463867	1.00048828
1817830	0.00646973	-0.00390625	1.00061035
1817930	0.00659180	-0.00366211	1.00048828
1818030	0.00695801	-0.00354004	1.00048828
1818130	0.00671387	-0.00317383	1.00048828
1818230	0.00671387	-0.00354004	1.00048828
1818330	0.00585938	-0.00402832	1.00048828
1818430	0.00708008	-0.00256348	1.00048828
1818530	0.00585938	-0.00415039	1.00061035
1818630	0.00598145	-0.00341797	1.00048828
1818730	0.00561523	-0.00476074	1.00061035
1818830	0.00610352	-0.00463867	1.00061035
1818930	0.00622559	-0.00402832	1.00036621
1819030	0.00622559	-0.00415039	1.00048828
1819130	0.00695801	-0.00488281	1.00048828
1819230	0.00659180	-0.00402832	1.00061035
1819330	0.00573730	-0.00427246	1.00048828
1819430	0.00622559	-0.00500488	1.00024414
1819530	0.00671387	-0.00451660	1.00073242
1819630	0.00585938	-0.00488281	1.00097656
1819730	0.00683594	-0.00427246	1.00219727
1819830	0.00708008	-0.00317383	1.00231934
1819930	0.00683594	-0.00378418	1.00085449
1820030	0.00634766	-0.00402832	1.00073242
1820130	0.00646973	-0.00317383	1.00048828
1820230	0.00646973	-0.00402832	1.00048828
1820330	0.00781250	-0.00354004	1.00048828
1820430	0.00732422	-0.00366211	1.00061035
1820530	0.00659180	-0.00305176	1.00061035
1820630	0.00622559	-0.00317383	1.00048828
1820730	0.00732422	-0.00341797	1.00048828
1820830	0.00671387	-0.00378418	1.00061035
1820930	0.00610352	-0.00427246	1.00061035
1821030	0.00585938	-0.00329590	1.00061035
1821130	0.00708008	-0.00378418	1.00061035
1821230	0.00720215	-0.00317383	1.00073242
1821330	0.00598145	-0.00390625	1.00048828
1821430	0.00622559	-0.00390625	1.00061035
1821530	0.00671387	-0.00341797	1.00061035
1821630	0.00683594	-0.00390625	1.00073242
1821730	0.00708008	-0.00378418	1.00061035
1821830	0.00720215	-0.00415039	1.00061035
1821930	0.00659180	-0.00415039	1.00085449
1822030	0.00769043	-0.00390625	1.00061035
1822130	0.00671387	-0.00439453	1.00061035
1822230	0.00695801	-0.00341797	1.00048828
1822330	0.00659180	-0.00305176	1.00061035
1822430	0.00646973	-0.00305176	1.00048828
1822530	0.00634766	-0.00341797	1.00061035
1822630	0.00671387	-0.00463867	1.00048828
1822730	0.00683594	-0.00439453	1.00048828
1822830	0.00573730	-0.00500488	1.00048828
1822930	0.00524902	-0.00378418	1.00061035
1823030	0.00683594	-0.00415039	1.00048828
1823130	0.00610352	-0.00463867	1.00048828
1823230	0.00646973	-0.00329590	1.00048828
1823330	0.00708008	-0.00378418	1.00048828
1823430	0.00585938	-0.00292969	1.00036621
1823530	0.00646973	-0.00427246	1.00036621
1823630	0.00561523	-0.00305176	1.00061035
1823730	0.00671387	-0.00354004	1.00048828
1823830	0.00524902	-0.00378418	1.00048828
1823930	0.00573730	-0.00390625	1.00048828
1824030	0.00585938	-0.00415039	1.00061035
1824130	0.00683594	-0.00463867	1.00048828
1824230	0.00683594	-0.00329590	1.00048828
1824330	0.00646973	-0.00341797	1.00036621
1824430	0.00732422	-0.00354004	1.00061035
1824530	0.00646973	-0.00305176	1.00048828
1824630	0.00561523	-0.00317383	1.00061035
1824730	0.00549316	-0.00354004	1.00012207
1824830	0.00598145	-0.00402832	1.00073242
1824930	0.00634766	-0.00366211	1.00048828
1825030	0.00708008	-0.00390625	1.00048828
1825130	0.00585938	-0.00427246	1.00048828
1825230	0.00573730	-0.00305176	1.00048828
1825330	0.00598145	-0.00317383	1.00048828
1825430	0.00622559	-0.00439453	1.00048828
1825530	0.00610352	-0.00354004	1.00024414
1825630	0.00549316	-0.00415039	1.00048828
1825730	0.00622559	-0.00317383	1.00061035
1825830	0.00585938	-0.00439453	1.00048828
1825930	0.00585938	-0.00378418	1.00048828
1826030	0.00659180	-0.00439453	1.00048828
1826130	0.00634766	-0.00439453	1.00061035
1826230	0.00720215	-0.00280762	1.00024414
1826330	0.00708008	-0.00415039	1.00048828
1826430	0.00695801	-0.00354004	1.00048828
1826530	0.00732422	-0.00378418	1.00048828
1826630	0.00708008	-0.00305176	1.00048828
1826730	0.00683594	-0.00268555	1.00048828
1826830	0.00732422	-0.00329590	1.00048828
1826930	0.00842285	-0.00317383	1.00061035
1827030	0.00732422	-0.00292969	1.00048828
1827130	0.00634766	-0.00378418	1.00048828
1827230	0.00720215	-0.00415039	1.00048828
1827330	0.00598145	-0.00378418	1.00036621
1827430	0.00634766	-0.00402832	1.00024414
1827530	0.00659180	-0.00341797	1.00061035
1827630	0.00659180	-0.00476074	1.00048828
1827730	0.00683594	-0.00427246	1.00048828
1827830	0.00683594	-0.00476074	1.00048828
1827930	0.00732422	-0.00439453	1.00048828
1828030	0.00659180	-0.00451660	1.00097656
1828130	0.00781250	-0.00451660	1.00073242
1828230	0.00781250	-0.00451660	1.00158691
1828330	0.00720215	-0.00415039	1.00122070
1828430	0.00732422	-0.00354004	1.00109863
1828530	0.00695801	-0.00244141	1.00073242
1828630	0.00769043	-0.00292969	1.00061035
1828730	0.00720215	-0.00317383	1.00061035
1828830	0.00720215	-0.00280762	1.00036621
1828930	0.00695801	-0.00354004	1.00061035
1829030	0.00646973	-0.00317383	1.00048828
1829130	0.00512695	-0.00329590	1.00061035
1829230	0.00537109	-0.00292969	1.00061035
1829330	0.00634766	-0.00378418	1.00061035
1829430	0.00476074	-0.00341797	1.00061035
1829530	0.00598145	-0.00366211	1.00048828
1829630	0.00610352	-0.00329590	1.00061035
1829730	0.00598145	-0.00378418	1.00061035
1829830	0.00634766	-0.00341797	1.00048828
1829930	0.00646973	-0.00341797	1.00061035
1830030	0.00537109	-0.00415039	1.00048828
1830130	0.00573730	-0.00402832	1.00048828
1830230	0.00671387	-0.00341797	1.00048828
1830330	0.00561523	-0.00329590	1.00048828
1830430	0.00585938	-0.00305176	1.00061035
1830530	0.00622559	-0.00341797	1.00048828
1830630	0.00622559	-0.00390625	1.00048828
1830730	0.00537109	-0.00378418	1.00061035
1830830	0.00634766	-0.00366211	1.00061035
1830930	0.00646973	-0.00476074	1.00073242
1831030	0.00622559	-0.00402832	1.00061035
1831130	0.00561523	-0.00402832	1.00048828
1831230	0.00598145	-0.00427246	1.00048828
1831330	0.00585938	-0.00390625	1.00061035
1831430	0.00598145	-0.00415039	1.00048828
1831530	0.00610352	-0.00329590	1.00061035
1831630	0.00708008	-0.00415039	1.00061035
1831730	0.00695801	-0.00378418	1.00048828
1831830	0.00598145	-0.00354004	1.00048828
1831930	0.00744629	-0.00390625	1.00048828
1832030	0.00659180	-0.00354004	1.00048828
1832130	0.00671387	-0.00415039	1.00048828
1832230	0.00720215	-0.00280762	1.00048828
1832330	0.00659180	-0.00292969	1.00048828
1832430	0.00622559	-0.00378418	1.00048828
1832530	0.00659180	-0.00390625	1.00048828
1832630	0.00659180	-0.00329590	1.00048828
1832730	0.00634766	-0.00305176	1.00048828
1832830	0.00683594	-0.00366211	1.00073242
1832930	0.00659180	-0.00390625	1.00048828
1833030	0.00598145	-0.00292969	1.00036621
1833130	0.00622559	-0.00268555	1.00036621
1833230	0.00585938	-0.00366211	1.00036621
1833330	0.00695801	-0.00354004	1.00048828
1833430	0.00695801	-0.00378418	1.00048828
1833530	0.00561523	-0.00292969	1.00012207
1833630	0.00659180	-0.00366211	1.00048828
1833730	0.00732422	-0.00390625	1.00048828
1833830	0.00671387	-0.00415039	1.00048828
1833930	0.00634766	-0.00366211	1.00061035
1834030	0.00720215	-0.00378418	1.00048828
1834130	0.00695801	-0.00390625	1.00036621
1834230	0.00622559	-0.00378418	1.00048828
1834330	0.00744629	-0.00305176	1.00036621
1834430	0.00695801	-0.00366211	1.00048828
1834530	0.00756836	-0.00390625	1.00048828
1834630	0.00646973	-0.00402832	1.00024414
1834730	0.00622559	-0.00402832	1.00036621
1834830	0.00695801	-0.00427246	1.00048828
1834930	0.00695801	-0.00402832	1.00036621
1835030	0.00720215	-0.00549316	1.00000000
1835130	0.00732422	-0.00378418	1.00036621
1835230	0.00720215	-0.00341797	0.99963379
1835330	0.00659180	-0.00354004	1.00085449
1835430	0.00646973	-0.00415039	1.00122070
1835530	0.00708008	-0.00354004	1.00122070
1835630	0.00708008	-0.00402832	1.00097656
1835730	0.00659180	-0.00390625	1.00061035
1835830	0.00646973	-0.00354004	1.00073242
1835930	0.00622559	-0.00415039	1.00048828
1836030	0.00610352	-0.00354004	1.00061035
1836130	0.00610352	-0.00366211	1.00061035
1836230	0.00634766	-0.00317383	1.00061035
1836330	0.00732422	-0.00378418	1.00061035
1836430	0.00598145	-0.00354004	1.00048828
1836530	0.00671387	-0.00341797	1.00048828
1836630	0.00610352	-0.00341797	1.00061035
1836730	0.00598145	-0.00305176	1.00061035
1836830	0.00634766	-0.00390625	1.00048828
1836930	0.00671387	-0.00366211	1.00061035
1837030	0.00622559	-0.00378418	1.00048828
1837130	0.00585938	-0.00378418	1.00048828
1837230	0.00634766	-0.00280762	1.00061035
1837330	0.00610352	-0.00292969	1.00061035
1837430	0.00549316	-0.00341797	1.00048828
1837530	0.00683594	-0.00341797	1.00061035
1837630	0.00622559	-0.00378418	1.00061035
1837730	0.00573730	-0.00354004	1.00048828
1837830	0.00622559	-0.00341797	1.00048828
1837930	0.00573730	-0.00366211	1.00061035
1838030	0.00695801	-0.00354004	1.00048828
1838130	0.00622559	-0.00378418	1.00048828
1838230	0.00549316	-0.00305176	1.00048828
1838330	0.00524902	-0.00292969	1.00048828
1838430	0.00646973	-0.00292969	1.00061035
1838530	0.00646973	-0.00354004	1.00061035
1838630	0.00732422	-0.00402832	1.00048828
1838730	0.00695801	-0.00378418	1.00048828
1838830	0.00671387	-0.00390625	1.00048828
1838930	0.00610352	-0.00354004	1.00061035
1839030	0.00695801	-0.00329590	1.00048828
1839130	0.00744629	-0.00292969	1.00048828
1839230	0.00744629	-0.00366211	1.00048828
1839330	0.00646973	-0.00341797	1.00061035
1839430	0.00610352	-0.00354004	1.00048828
1839530	0.00573730	-0.00366211	1.00061035
1839630	0.00646973	-0.00268555	1.00061035
1839730	0.00549316	-0.00415039	1.00061035
1839830	0.00634766	-0.00439453	1.00061035
1839930	0.00598145	-0.00354004	1.00048828
1840030	0.00695801	-0.00402832	1.00061035
1840130	0.00695801	-0.00341797	1.00048828
1840230	0.00524902	-0.00305176	1.00061035
1840330	0.00585938	-0.00329590	1.00073242
1840430	0.00573730	-0.00378418	1.00061035
1840530	0.00573730	-0.00305176	1.00061035
1840630	0.00683594	-0.00390625	1.00061035
1840730	0.00610352	-0.00378418	1.00061035
1840830	0.00659180	-0.00341797	1.00061035
1840930	0.00756836	-0.00354004	1.00061035
1841030	0.00683594	-0.00280762	1.00048828
1841130	0.00634766	-0.00427246	1.00061035
1841230	0.00549316	-0.00280762	1.00048828
1841330	0.00524902	-0.00305176	1.00061035
1841430	0.00744629	-0.00366211	1.00061035
1841530	0.00683594	-0.00341797	1.00061035
1841630	0.00646973	-0.00292969	1.00048828
1841730	0.00659180	-0.00317383	1.00073242
1841830	0.00585938	-0.00390625	1.00048828
1841930	0.00573730	-0.00292969	1.00061035
1842030	0.00561523	-0.00390625	1.00061035
1842130	0.00610352	-0.00341797	1.00073242
1842230	0.00598145	-0.00292969	1.00048828
1842330	0.00695801	-0.00354004	1.00048828
1842430	0.00610352	-0.00378418	1.00048828
1842530	0.00537109	-0.00366211	1.00061035
1842630	0.00646973	-0.00366211	1.00061035
1842730	0.00561523	-0.00402832	1.00073242
1842830	0.00598145	-0.00427246	1.00048828
1842930	0.00695801	-0.00463867	1.00048828
1843030	0.00659180	-0.00463867	1.00048828
1843130	0.00573730	-0.00366211	1.00048828
1843230	0.00720215	-0.00366211	1.00048828
1843330	0.00695801	-0.00378418	1.00061035
1843430	0.00634766	-0.00366211	1.00048828
1843530	0.00646973	-0.00378418	1.00061035
1843630	0.00634766	-0.00402832	1.00097656
1843730	0.00671387	-0.00390625	1.00134277
1843830	0.00683594	-0.00329590	1.00183105
1843930	0.00622559	-0.00427246	1.00097656
1844030	0.00622559	-0.00415039	1.00146484
1844130	0.00634766	-0.00463867	1.00061035
1844230	0.00561523	-0.00378418	1.00048828
1844330	0.00561523	-0.00366211	1.00073242
1844430	0.00500488	-0.00402832	1.00048828
1844530	0.00524902	-0.00341797	1.00061035
1844630	0.00488281	-0.00439453	1.00048828
1844730	0.00585938	-0.00402832	1.00061035
1844830	0.00476074	-0.00341797	1.00048828
1844930	0.00549316	-0.00439453	1.00048828
1845030	0.00622559	-0.00378418	1.00061035
1845130	0.00634766	-0.00341797	1.00048828
1845230	0.00537109	-0.00366211	1.00061035
1845330	0.00561523	-0.00317383	1.00048828
1845430	0.00744629	-0.00268555	1.00061035
1845530	0.00585938	-0.00305176	1.00061035
1845630	0.00598145	-0.00378418	1.00061035
1845730	0.00610352	-0.00292969	1.00109863
1845830	0.00646973	-0.00317383	1.00061035
1845930	0.00537109	-0.00329590	1.00073242
1846030	0.00708008	-0.00329590	1.00085449
1846130	0.00634766	-0.00268555	1.00061035
1846230	0.00598145	-0.00329590	1.00061035
1846330	0.00585938	-0.00366211	1.00061035
1846430	0.00598145	-0.00366211	1.00061035
1846530	0.00634766	-0.00292969	1.00061035
1846630	0.00537109	-0.00415039	1.00073242
1846730	0.00598145	-0.00366211	1.00061035
1846830	0.00585938	-0.00476074	1.00061035
1846930	0.00598145	-0.00402832	1.00061035
1847030	0.00646973	-0.00317383	1.00048828
1847130	0.00683594	-0.00280762	1.00073242
1847230	0.00683594	-0.00219727	1.00061035
1847330	0.00622559	-0.00317383	1.00061035
1847430	0.00683594	-0.00292969	1.00061035
1847530	0.00708008	-0.00378418	1.00048828
1847630	0.00708008	-0.00390625	1.00061035
1847730	0.00622559	-0.00366211	1.00061035
1847830	0.00695801	-0.00341797	1.00061035
1847930	0.00671387	-0.00341797	1.00061035
1848030	0.00659180	-0.00341797	1.00061035
1848130	0.00708008	-0.00488281	1.00061035
1848230	0.00585938	-0.00439453	1.00036621
1848330	0.00659180	-0.00378418	1.00048828
1848430	0.00646973	-0.00341797	1.00048828
1848530	0.00671387	-0.00366211	1.00036621
1848630	0.00634766	-0.00402832	1.00048828
1848730	0.00634766	-0.00378418	1.00048828
1848830	0.00683594	-0.00427246	1.00048828
1848930	0.00671387	-0.00329590	1.00048828
1849030	0.00671387	-0.00292969	1.00048828
1849130	0.00671387	-0.00305176	1.00048828
1849230	0.00610352	-0.00305176	1.00048828
1849330	0.00732422	-0.00341797	1.00048828
1849430	0.00634766	-0.00402832	1.00048828
1849530	0.00622559	-0.00366211	1.00048828
1849630	0.00720215	-0.00354004	1.00048828
1849730	0.00561523	-0.00390625	1.00061035
1849830	0.00671387	-0.00390625	1.00061035
1849930	0.00695801	-0.00415039	1.00036621
1850030	0.00683594	-0.00378418	1.00024414
1850130	0.00708008	-0.00341797	1.00036621
1850230	0.00708008	-0.00317383	1.00048828
1850330	0.00769043	-0.00463867	1.00048828
1850430	0.00695801	-0.00549316	1.00048828
1850530	0.00695801	-0.00402832	1.00048828
1850630	0.00720215	-0.00439453	1.00097656
1850730	0.00634766	-0.00476074	1.00158691
1850830	0.00622559	-0.00390625	1.00122070
1850930	0.00585938	-0.00378418	1.00158691
1851030	0.00646973	-0.00378418	1.00109863
1851130	0.00671387	-0.00244141	1.00048828
1851230	0.00610352	-0.00341797	1.00073242
1851330	0.00646973	-0.00317383	1.00061035
1851430	0.00683594	-0.00366211	1.00061035
1851530	0.00622559	-0.00292969	1.00061035
1851630	0.00646973	-0.00329590	1.00061035
1851730	0.00634766	-0.00317383	1.00061035
1851830	0.00671387	-0.00415039	1.00061035
1851930	0.00512695	-0.00354004	1.00036621
1852030	0.00634766	-0.00292969	1.00036621
1852130	0.00610352	-0.00439453	1.00061035
1852230	0.00549316	-0.00390625	1.00048828
1852330	0.00585938	-0.00451660	1.00061035
1852430	0.00610352	-0.00427246	1.00048828
1852530	0.00524902	-0.00366211	1.00048828
1852630	0.00573730	-0.00390625	1.00061035
1852730	0.00500488	-0.00439453	1.00061035
1852830	0.00610352	-0.00427246	1.00048828
1852930	0.00512695	-0.00402832	1.00048828
1853030	0.00573730	-0.00378418	1.00036621
1853130	0.00646973	-0.00378418	1.00048828
1853230	0.00610352	-0.00329590	1.00061035
1853330	0.00598145	-0.00317383	1.00048828
1853430	0.00610352	-0.00317383	1.00048828
1853530	0.00720215	-0.00341797	1.00048828
1853630	0.00708008	-0.00402832	1.00048828
1853730	0.00622559	-0.00354004	1.00048828
1853830	0.00634766	-0.00292969	1.00048828
1853930	0.00622559	-0.00305176	1.00012207
1854030	0.00646973	-0.00280762	1.00024414
1854130	0.00744629	-0.00317383	1.00048828
1854230	0.00708008	-0.00170898	1.00048828
1854330	0.00744629	-0.00317383	1.00061035
1854430	0.00634766	-0.00390625	1.00061035
1854530	0.00573730	-0.00280762	1.00048828
1854630	0.00610352	-0.00439453	1.00048828
1854730	0.00610352	-0.00329590	1.00024414
1854830	0.00622559	-0.00280762	1.00048828
1854930	0.00598145	-0.00231934	1.00048828
1855030	0.00671387	-0.00354004	1.00048828
1855130	0.00610352	-0.00329590	1.00061035
1855230	0.00683594	-0.00317383	1.00048828
1855330	0.00708008	-0.00280762	1.00048828
1855430	0.00671387	-0.00268555	1.00024414
1855530	0.00585938	-0.00354004	1.00048828
1855630	0.00512695	-0.00305176	1.00048828
1855730	0.00659180	-0.00378418	1.00048828
1855830	0.00537109	-0.00402832	1.00048828
1855930	0.00476074	-0.00415039	1.00048828
1856030	0.00573730	-0.00341797	1.00048828
1856130	0.00573730	-0.00280762	1.00048828
1856230	0.00634766	-0.00329590	1.00036621
1856330	0.00720215	-0.00280762	1.00012207
1856430	0.00598145	-0.00317383	1.00048828
1856530	0.00537109	-0.00390625	1.00048828
1856630	0.00573730	-0.00329590	1.00048828
1856730	0.00634766	-0.00390625	1.00048828
1856830	0.00659180	-0.00305176	1.00048828
1856930	0.00659180	-0.00354004	1.00061035
1857030	0.00598145	-0.00244141	1.00048828
1857130	0.00598145	-0.00329590	1.00036621
1857230	0.00585938	-0.00305176	1.00048828
1857330	0.00610352	-0.00292969	1.00036621
1857430	0.00585938	-0.00317383	1.00061035
1857530	0.00524902	-0.00451660	1.00048828
1857630	0.00598145	-0.00390625	1.00061035
1857730	0.00598145	-0.00292969	1.00048828
1857830	0.00610352	-0.00415039	1.00048828
1857930	0.00646973	-0.00378418	1.00061035
1858030	0.00512695	-0.00317383	1.00061035
1858130	0.00573730	-0.00451660	1.00048828
1858230	0.00598145	-0.00476074	1.00061035
1858330	0.00549316	-0.00415039	1.00061035
1858430	0.00622559	-0.00317383	1.00061035
1858530	0.00561523	-0.00427246	1.00048828
1858630	0.00646973	-0.00390625	1.00061035
1858730	0.00610352	-0.00402832	1.00048828
1858830	0.00720215	-0.00415039	1.00036621
1858930	0.00769043	-0.00341797	1.00000000
1859030	0.00781250	-0.00378418	1.00073242
1859130	0.00732422	-0.00268555	1.00097656
1859230	0.00695801	-0.00305176	1.00134277
1859330	0.00793457	-0.00341797	1.00146484
1859430	0.00756836	-0.00231934	1.00109863
1859530	0.00732422	-0.00329590	1.00061035
1859630	0.00646973	-0.00317383	1.00048828
1859730	0.00598145	-0.00268555	1.00036621
1859830	0.00671387	-0.00390625	1.00061035
1859930	0.00622559	-0.00378418	1.00048828
1860030	0.00683594	-0.00427246	0.99951172
1860130	0.00695801	-0.00439453	1.00048828
1860230	0.00708008	-0.00415039	1.00061035
1860330	0.00671387	-0.00402832	1.00048828
1860430	0.00708008	-0.00537109	1.00061035
1860530	0.00683594	-0.00427246	1.00048828
1860630	0.00720215	-0.00378418	1.00048828
1860730	0.00634766	-0.00341797	1.00061035
1860830	0.00598145	-0.00317383	1.00048828
1860930	0.00646973	-0.00366211	1.00048828
1861030	0.00744629	-0.00354004	1.00048828
1861130	0.00720215	-0.00415039	1.00048828
1861230	0.00732422	-0.00292969	1.00048828
1861330	0.00585938	-0.00305176	1.00048828
1861430	0.00720215	-0.00305176	0.99987793
1861530	0.00720215	-0.00280762	1.00048828
1861630	0.00708008	-0.00512695	1.00048828
1861730	0.00744629	-0.00390625	1.00048828
1861830	0.00744629	-0.00378418	1.00048828
1861930	0.00708008	-0.00402832	1.00048828
1862030	0.00561523	-0.00427246	1.00036621
1862130	0.00671387	-0.00378418	1.00024414
1862230	0.00695801	-0.00427246	1.00061035
1862330	0.00708008	-0.00500488	1.00048828
1862430	0.00683594	-0.00463867	1.00061035
1862530	0.00671387	-0.00463867	1.00048828
1862630	0.00573730	-0.00427246	1.00036621
1862730	0.00598145	-0.00341797	1.00000000
1862830	0.00695801	-0.00305176	1.00036621
1862930	0.00720215	-0.00268555	1.00024414
1863030	0.00769043	-0.00354004	1.00061035
1863130	0.00671387	-0.00366211	1.00048828
1863230	0.00805664	-0.00366211	1.00024414
1863330	0.00683594	-0.00366211	1.00048828
1863430	0.00695801	-0.00402832	1.00061035
1863530	0.00659180	-0.00427246	1.00024414
1863630	0.00769043	-0.00415039	1.00048828
1863730	0.00732422	-0.00390625	1.00048828
1863830	0.00634766	-0.00439453	1.00012207
1863930	0.00573730	-0.00329590	1.00036621
1864030	0.00708008	-0.00390625	1.00012207
1864130	0.00708008	-0.00341797	1.00048828
1864230	0.00671387	-0.00378418	1.00061035
1864330	0.00573730	-0.00390625	1.00048828
1864430	0.00793457	-0.00402832	1.00048828
1864530	0.00634766	-0.00390625	1.00036621
1864630	0.00585938	-0.00329590	1.00036621
1864730	0.00610352	-0.00317383	1.00048828
1864830	0.00720215	-0.00366211	1.00012207
1864930	0.00732422	-0.00378418	1.00024414
1865030	0.00720215	-0.00366211	0.99987793
1865130	0.00708008	-0.00390625	0.99975586
1865230	0.00659180	-0.00390625	1.00048828
1865330	0.00634766	-0.00427246	1.00024414
1865430	0.00732422	-0.00427246	1.00036621
1865530	0.00744629	-0.00378418	1.00024414
1865630	0.00720215	-0.00390625	1.00024414
1865730	0.00695801	-0.00415039	0.99987793
1865830	0.00720215	-0.00439453	0.99914551
1865930	0.00805664	-0.00402832	0.99829102
1866030	0.00708008	-0.00378418	0.99975586
1866130	0.00708008	-0.00366211	0.99951172
1866230	0.00805664	-0.00390625	1.00122070
1866330	0.00671387	-0.00390625	1.00048828
1866430	0.00854492	-0.00427246	1.00097656
1866530	0.00720215	-0.00341797	1.00073242
1866630	0.00659180	-0.00378418	1.00061035
1866730	0.00744629	-0.00378418	1.00048828
1866830	0.00744629	-0.00366211	1.00048828
1866930	0.00720215	-0.00305176	1.00024414
1867030	0.00817871	-0.00366211	1.00048828
1867130	0.00720215	-0.00329590	1.00036621
1867230	0.00671387	-0.00341797	1.00048828
1867330	0.00708008	-0.00451660	1.00048828
1867430	0.00610352	-0.00439453	1.00048828
1867530	0.00708008	-0.00463867	1.00048828
1867630	0.00646973	-0.00402832	1.00048828
1867730	0.00671387	-0.00366211	1.00036621
1867830	0.00695801	-0.00366211	1.00048828
1867930	0.00537109	-0.00390625	1.00036621
1868030	0.00671387	-0.00305176	1.00024414
1868130	0.00622559	-0.00280762	1.00036621
1868230	0.00610352	-0.00244141	1.00036621
1868330	0.00622559	-0.00366211	1.00048828
1868430	0.00659180	-0.00378418	1.00048828
1868530	0.00659180	-0.00305176	1.00048828
1868630	0.00622559	-0.00390625	1.00048828
1868730	0.00683594	-0.00280762	0.99987793
1868830	0.00732422	-0.00402832	1.00036621
1868930	0.00659180	-0.00427246	1.00036621
1869030	0.00659180	-0.00402832	0.99987793
1869130	0.00659180	-0.00354004	1.00048828
1869230	0.00610352	-0.00451660	0.99987793
1869330	0.00598145	-0.00415039	1.00036621
1869430	0.00524902	-0.00354004	1.00048828
1869530	0.00500488	-0.00378418	1.00048828
1869630	0.00671387	-0.00378418	1.00036621
1869730	0.00598145	-0.00341797	1.00036621
1869830	0.00671387	-0.00366211	1.00048828
1869930	0.00659180	-0.00341797	1.00048828
1870030	0.00671387	-0.00268555	1.00036621
1870130	0.00683594	-0.00366211	1.00061035
1870230	0.00744629	-0.00341797	1.00048828
1870330	0.00634766	-0.00256348	1.00048828
1870430	0.00561523	-0.00366211	1.00048828
1870530	0.00671387	-0.00366211	1.00048828
1870630	0.00585938	-0.00366211	1.00048828
1870730	0.00732422	-0.00305176	1.00024414
1870830	0.00659180	-0.00329590	1.00048828
1870930	0.00646973	-0.00378418	1.00048828
1871030	0.00708008	-0.00366211	1.00048828
1871130	0.00646973	-0.00280762	1.00048828
1871230	0.00549316	-0.00402832	1.00048828
1871330	0.00598145	-0.00427246	1.00048828
1871430	0.00573730	-0.00390625	1.00048828
1871530	0.00561523	-0.00378418	1.00048828
1871630	0.00720215	-0.00366211	1.00048828
1871730	0.00646973	-0.00488281	1.00061035
1871830	0.00646973	-0.00378418	1.00061035
1871930	0.00573730	-0.00329590	1.00048828
1872030	0.00708008	-0.00317383	1.00048828
1872130	0.00695801	-0.00341797	1.00036621
1872230	0.00598145	-0.00280762	1.00048828
1872330	0.00659180	-0.00268555	1.00048828
1872430	0.00598145	-0.00378418	1.00061035
1872530	0.00573730	-0.00317383	1.00061035
1872630	0.00683594	-0.00317383	1.00061035
1872730	0.00683594	-0.00268555	1.00048828
1872830	0.00695801	-0.00329590	1.00073242
1872930	0.00793457	-0.00329590	1.00048828
1873030	0.00671387	-0.00354004	1.00048828
1873130	0.00671387	-0.00317383	1.00061035
1873230	0.00622559	-0.00244141	1.00061035
1873330	0.00561523	-0.00341797	1.00048828
1873430	0.00573730	-0.00292969	1.00048828
1873530	0.00512695	-0.00439453	1.00048828
1873630	0.00524902	-0.00537109	1.00048828
1873730	0.00561523	-0.00402832	1.00048828
1873830	0.00561523	-0.00402832	1.00036621
1873930	0.00561523	-0.00476074	1.00048828
1874030	0.00634766	-0.00476074	1.00048828
1874130	0.00622559	-0.00439453	1.00024414
1874230	0.00683594	-0.00451660	1.00048828
1874330	0.00634766	-0.00427246	1.00048828
1874430	0.00598145	-0.00354004	1.00048828
1874530	0.00671387	-0.00500488	1.00073242
1874630	0.00744629	-0.00488281	1.00097656
1874730	0.00622559	-0.00341797	1.00109863
1874830	0.00634766	-0.00415039	1.00085449
1874930	0.00683594	-0.00354004	1.00097656
1875030	0.00634766	-0.00329590	1.00097656
1875130	0.00671387	-0.00378418	1.00048828
1875230	0.00671387	-0.00292969	1.00061035
1875330	0.00646973	-0.00390625	1.00061035
1875430	0.00585938	-0.00329590	1.00061035
1875530	0.00732422	-0.00341797	1.00048828
1875630	0.00659180	-0.00378418	1.00048828
1875730	0.00793457	-0.00305176	1.00061035
1875830	0.00671387	-0.00280762	1.00061035
1875930	0.00585938	-0.00280762	1.00061035
1876030	0.00634766	-0.00317383	1.00061035
1876130	0.00659180	-0.00415039	1.00048828
1876230	0.00561523	-0.00439453	1.00061035
1876330	0.00561523	-0.00341797	1.00048828
1876430	0.00659180	-0.00463867	1.00048828
1876530	0.00610352	-0.00390625	1.00048828
1876630	0.00610352	-0.00366211	1.00048828
1876730	0.00659180	-0.00354004	1.00061035
1876830	0.00646973	-0.00354004	1.00061035
1876930	0.00683594	-0.00280762	1.00048828
1877030	0.00610352	-0.00366211	1.00061035
1877130	0.00634766	-0.00378418	1.00061035
1877230	0.00683594	-0.00280762	1.00061035
1877330	0.00634766	-0.00427246	1.00061035
1877430	0.00646973	-0.00415039	1.00048828
1877530	0.00708008	-0.00329590	1.00048828
1877630	0.00769043	-0.00378418	1.00073242
1877730	0.00732422	-0.00317383	1.00061035
1877830	0.00683594	-0.00292969	1.00073242
1877930	0.00646973	-0.00305176	1.00061035
1878030	0.00622559	-0.00439453	1.00061035
1878130	0.00622559	-0.00329590	1.00048828
1878230	0.00683594	-0.00292969	1.00061035
1878330	0.00622559	-0.00268555	1.00061035
1878430	0.00622559	-0.00366211	1.00048828
1878530	0.00622559	-0.00427246	1.00048828
1878630	0.00561523	-0.00390625	1.00048828
1878730	0.00573730	-0.00402832	1.00048828
1878830	0.00671387	-0.00402832	1.00061035
1878930	0.00646973	-0.00402832	1.00073242
1879030	0.00585938	-0.00378418	1.00061035
1879130	0.00549316	-0.00402832	1.00061035
1879230	0.00549316	-0.00354004	1.00061035
1879330	0.00646973	-0.00354004	1.00048828
1879430	0.00634766	-0.00390625	1.00073242
1879530	0.00573730	-0.00415039	1.00061035
1879630	0.00622559	-0.00366211	1.00048828
1879730	0.00549316	-0.00354004	1.00048828
1879830	0.00537109	-0.00390625	1.00061035
1879930	0.00646973	-0.00390625	1.00048828
1880030	0.00769043	-0.00317383	1.00036621
1880130	0.00646973	-0.00317383	1.00061035
1880230	0.00585938	-0.00390625	1.00061035
1880330	0.00634766	-0.00305176	1.00048828
1880430	0.00610352	-0.00280762	1.00048828
1880530	0.00549316	-0.00415039	1.00073242
1880630	0.00561523	-0.00317383	1.00061035
1880730	0.00598145	-0.00317383	1.00024414
1880830	0.00671387	-0.00341797	1.00048828
1880930	0.00646973	-0.00305176	1.00048828
1881030	0.00622559	-0.00366211	1.00048828
1881130	0.00622559	-0.00378418	1.00036621
1881230	0.00610352	-0.00329590	1.00000000
1881330	0.00573730	-0.00427246	1.00048828
1881430	0.00561523	-0.00512695	1.00048828
1881530	0.00671387	-0.00415039	1.00036621
1881630	0.00744629	-0.00427246	1.00061035
1881730	0.00659180	-0.00415039	1.00085449
1881830	0.00756836	-0.00500488	1.00122070
1881930	0.00622559	-0.00366211	1.00122070
1882030	0.00769043	-0.00402832	1.00134277
1882130	0.00634766	-0.00317383	1.00061035
1882230	0.00756836	-0.00354004	1.00036621
1882330	0.00817871	-0.00341797	1.00048828
1882430	0.00671387	-0.00402832	1.00048828
1882530	0.00720215	-0.00317383	1.00061035
1882630	0.00695801	-0.00354004	1.00036621
1882730	0.00708008	-0.00317383	1.00036621
1882830	0.00732422	-0.00244141	1.00061035
1882930	0.00585938	-0.00231934	1.00048828
1883030	0.00622559	-0.00366211	1.00061035
1883130	0.00488281	-0.00305176	1.00061035
1883230	0.00476074	-0.00341797	1.00048828
1883330	0.00512695	-0.00354004	1.00048828
1883430	0.00354004	-0.00341797	1.00048828
1883530	0.00512695	-0.00463867	1.00036621
1883630	0.00488281	-0.00341797	0.99987793
1883730	0.00451660	-0.00305176	1.00048828
1883830	0.00598145	-0.00244141	1.00024414
1883930	0.00476074	-0.00354004	0.99963379
1884030	0.00500488	-0.00317383	1.00012207
1884130	0.00476074	-0.00354004	1.00073242
1884230	0.00476074	-0.00415039	1.00036621
1884330	0.00622559	-0.00378418	1.00024414
1884430	0.00549316	-0.00354004	0.99841309
1884530	0.00561523	-0.00354004	1.00036621
1884630	0.00598145	-0.00183105	0.99987793
1884730	0.00598145	-0.00329590	1.00036621
1884830	0.00573730	-0.00329590	1.00048828
1884930	0.00549316	-0.00292969	1.00048828
1885030	0.00585938	-0.00292969	1.00048828
1885130	0.00585938	-0.00256348	1.00048828
1885230	0.00646973	-0.00366211	1.00048828
1885330	0.00671387	-0.00341797	1.00048828
1885430	0.00573730	-0.00378418	0.99914551
1885530	0.00610352	-0.00341797	1.00036621
1885630	0.00646973	-0.00390625	1.00012207
1885730	0.00573730	-0.00354004	1.00012207
1885830	0.00671387	-0.00451660	1.00048828
1885930	0.00659180	-0.00366211	1.00048828
1886030	0.00659180	-0.00329590	1.00048828
1886130	0.00671387	-0.00341797	1.00061035
1886230	0.00732422	-0.00354004	1.00048828
1886330	0.00683594	-0.00415039	1.00048828
1886430	0.00732422	-0.00415039	1.00000000
1886530	0.00634766	-0.00390625	1.00036621
1886630	0.00585938	-0.00390625	1.00048828
1886730	0.00695801	-0.00305176	1.00012207
1886830	0.00634766	-0.00427246	1.00061035
1886930	0.00610352	-0.00390625	1.00061035
1887030	0.00646973	-0.00390625	1.00061035
1887130	0.00573730	-0.00463867	1.00061035
1887230	0.00585938	-0.00427246	1.00048828
1887330	0.00634766	-0.00439453	1.00048828
1887430	0.00561523	-0.00378418	1.00024414
1887530	0.00659180	-0.00512695	1.00024414
1887630	0.00708008	-0.00476074	1.00048828
1887730	0.00683594	-0.00366211	1.00048828
1887830	0.00683594	-0.00415039	1.00036621
1887930	0.00646973	-0.00317383	1.00036621
1888030	0.00646973	-0.00268555	1.00036621
1888130	0.00830078	-0.00268555	1.00036621
1888230	0.00781250	-0.00329590	1.00048828
1888330	0.00720215	-0.00280762	1.00061035
1888430	0.00720215	-0.00341797	1.00048828
1888530	0.00744629	-0.00329590	1.00061035
1888630	0.00695801	-0.00231934	1.00036621
1888730	0.00756836	-0.00292969	1.00048828
1888830	0.00610352	-0.00390625	1.00048828
1888930	0.00659180	-0.00354004	1.00036621
1889030	0.00598145	-0.00500488	1.00048828
1889130	0.00720215	-0.00463867	1.00048828
1889230	0.00610352	-0.00549316	1.00048828
1889330	0.00622559	-0.00500488	1.00036621
1889430	0.00512695	-0.00512695	1.00048828
1889530	0.00610352	-0.00524902	0.99987793
1889630	0.00598145	-0.00512695	1.00048828
1889730	0.00683594	-0.00476074	1.00024414
1889830	0.00756836	-0.00512695	0.99914551
1889930	0.00720215	-0.00512695	0.99951172
1890030	0.00683594	-0.00476074	1.00048828
1890130	0.00817871	-0.00573730	1.00085449
1890230	0.00756836	-0.00451660	1.00134277
1890330	0.00866699	-0.00585938	1.00158691
1890430	0.00769043	-0.00451660	1.00122070
1890530	0.00769043	-0.00402832	1.00000000
1890630	0.00781250	-0.00305176	1.00036621
1890730	0.00793457	-0.00390625	1.00036621
1890830	0.00781250	-0.00354004	1.00036621
1890930	0.00915527	-0.00354004	0.99938965
1891030	0.00708008	-0.00329590	1.00061035
1891130	0.00708008	-0.00427246	1.00048828
1891230	0.00781250	-0.00439453	1.00036621
1891330	0.00708008	-0.00402832	1.00048828
1891430	0.00695801	-0.00500488	1.00048828
1891530	0.00756836	-0.00439453	1.00048828
1891630	0.00708008	-0.00427246	1.00024414
1891730	0.00646973	-0.00415039	1.00012207
1891830	0.00683594	-0.00427246	1.00000000
1891930	0.00585938	-0.00427246	1.00036621
1892030	0.00561523	-0.00366211	1.00048828
1892130	0.00634766	-0.00317383	1.00048828
1892230	0.00598145	-0.00244141	1.00048828
1892330	0.00598145	-0.00231934	1.00048828
1892430	0.00634766	-0.00219727	1.00048828
1892530	0.00622559	-0.00305176	1.00024414
1892630	0.00744629	-0.00134277	1.00036621
1892730	0.00671387	-0.00305176	1.00061035
1892830	0.00598145	-0.00366211	1.00036621
1892930	0.00610352	-0.00341797	1.00061035
1893030	0.00598145	-0.00463867	1.00036621
1893130	0.00488281	-0.00415039	1.00048828
1893230	0.00537109	-0.00427246	1.00048828
1893330	0.00561523	-0.00451660	1.00036621
1893430	0.00451660	-0.00402832	1.00048828
1893530	0.00634766	-0.00390625	1.00024414
1893630	0.00512695	-0.00366211	1.00048828
1893730	0.00610352	-0.00317383	1.00048828
1893830	0.00622559	-0.00280762	1.00048828
1893930	0.00585938	-0.00341797	1.00036621
1894030	0.00549316	-0.00415039	1.00048828
1894130	0.00598145	-0.00366211	1.00048828
1894230	0.00549316	-0.00329590	1.00036621
1894330	0.00573730	-0.00354004	1.00048828
1894430	0.00524902	-0.00354004	1.00036621
1894530	0.00634766	-0.00268555	1.00048828
1894630	0.00659180	-0.00292969	1.00036621
1894730	0.00610352	-0.00341797	1.00048828
1894830	0.00634766	-0.00341797	1.00048828
1894930	0.00537109	-0.00317383	1.00036621
1895030	0.00695801	-0.00439453	1.00061035
1895130	0.00561523	-0.00415039	1.00048828
1895230	0.00622559	-0.00366211	1.00048828
1895330	0.00610352	-0.00402832	1.00036621
1895430	0.00622559	-0.00366211	1.00061035
1895530	0.00659180	-0.00280762	1.00048828
1895630	0.00646973	-0.00219727	1.00048828
1895730	0.00598145	-0.00378418	1.00061035
1895830	0.00634766	-0.00317383	1.00024414
1895930	0.00708008	-0.00317383	1.00048828
1896030	0.00573730	-0.00402832	1.00036621
1896130	0.00610352	-0.00439453	1.00048828
1896230	0.00610352	-0.00366211	1.00036621
1896330	0.00549316	-0.00329590	1.00036621
1896430	0.00659180	-0.00305176	1.00048828
1896530	0.00683594	-0.00402832	1.00036621
1896630	0.00598145	-0.00390625	1.00048828
1896730	0.00695801	-0.00427246	0.99987793
1896830	0.00695801	-0.00390625	1.00024414
1896930	0.00695801	-0.00476074	1.00048828
1897030	0.00695801	-0.00439453	1.00061035
1897130	0.00695801	-0.00488281	1.00061035
1897230	0.00659180	-0.00512695	1.00073242
1897330	0.00695801	-0.00341797	1.00134277
1897430	0.00695801	-0.00292969	1.00109863
1897530	0.00695801	-0.00231934	1.00073242
1897630	0.00708008	-0.00292969	0.99951172
1897730	0.00671387	-0.00280762	1.00048828
1897830	0.00659180	-0.00329590	1.00048828
1897930	0.00659180	-0.00329590	1.00048828
1898030	0.00537109	-0.00378418	1.00048828
1898130	0.00500488	-0.00390625	1.00061035
1898230	0.00512695	-0.00366211	1.00048828
1898330	0.00537109	-0.00439453	1.00061035
1898430	0.00573730	-0.00463867	1.00048828
1898530	0.00549316	-0.00390625	1.00024414
1898630	0.00622559	-0.00378418	1.00061035
1898730	0.00549316	-0.00292969	1.00048828
1898830	0.00610352	-0.00317383	1.00048828
1898930	0.00659180	-0.00341797	1.00048828
1899030	0.00610352	-0.00305176	1.00024414
1899130	0.00622559	-0.00378418	1.00061035
1899230	0.00549316	-0.00329590	1.00048828
1899330	0.00659180	-0.00268555	1.00048828
1899430	0.00646973	-0.00341797	1.00061035
1899530	0.00646973	-0.00256348	1.00048828
1899630	0.00646973	-0.00231934	1.00048828
1899730	0.00573730	-0.00244141	1.00048828
1899830	0.00512695	-0.00378418	1.00036621
1899930	0.00573730	-0.00317383	1.00061035
1900030	0.00610352	-0.00292969	1.00048828
1900130	0.00622559	-0.00280762	1.00048828
1900230	0.00610352	-0.00451660	1.00048828
1900330	0.00695801	-0.00415039	1.00061035
1900430	0.00573730	-0.00402832	1.00048828
1900530	0.00805664	-0.00451660	1.00048828
1900630	0.00646973	-0.00390625	1.00048828
1900730	0.00671387	-0.00402832	1.00048828
1900830	0.00756836	-0.00317383	1.00048828
1900930	0.00622559	-0.00402832	1.00061035
1901030	0.00659180	-0.00415039	1.00048828
1901130	0.00756836	-0.00366211	1.00061035
1901230	0.00732422	-0.00427246	1.00048828
1901330	0.00646973	-0.00415039	1.00048828
1901430	0.00695801	-0.00402832	1.00048828
1901530	0.00671387	-0.00354004	1.00048828
1901630	0.00708008	-0.00317383	1.00048828
1901730	0.00659180	-0.00341797	1.00061035
1901830	0.00537109	-0.00378418	1.00061035
1901930	0.00549316	-0.00329590	1.00061035
1902030	0.00524902	-0.00329590	1.00048828
1902130	0.00524902	-0.00390625	1.00061035
1902230	0.00598145	-0.00402832	1.00048828
1902330	0.00646973	-0.00451660	1.00048828
1902430	0.00610352	-0.00439453	1.00061035
1902530	0.00708008	-0.00305176	1.00048828
1902630	0.00659180	-0.00390625	1.00048828
1902730	0.00634766	-0.00305176	1.00048828
1902830	0.00683594	-0.00341797	1.00048828
1902930	0.00659180	-0.00439453	1.00048828
1903030	0.00622559	-0.00427246	1.00061035
1903130	0.00732422	-0.00451660	1.00061035
1903230	0.00598145	-0.00390625	1.00048828
1903330	0.00598145	-0.00390625	1.00048828
1903430	0.00671387	-0.00390625	1.00048828
1903530	0.00671387	-0.00476074	1.00048828
1903630	0.00598145	-0.00341797	1.00036621
1903730	0.00720215	-0.00366211	1.00024414
1903830	0.00708008	-0.00427246	1.00012207
1903930	0.00585938	-0.00354004	1.00036621
1904030	0.00549316	-0.00415039	1.00024414
1904130	0.00537109	-0.00402832	1.00048828
1904230	0.00524902	-0.00415039	1.00048828
1904330	0.00671387	-0.00305176	1.00036621
1904430	0.00671387	-0.00366211	1.00012207
1904530	0.00622559	-0.00549316	1.00024414
1904630	0.00720215	-0.00317383	1.00012207
1904730	0.00695801	-0.00427246	1.00048828
1904830	0.00585938	-0.00305176	1.00048828
1904930	0.00598145	-0.00427246	1.00061035
1905030	0.00695801	-0.00390625	1.00048828
1905130	0.00598145	-0.00524902	1.00024414
1905230	0.00732422	-0.00451660	1.00012207
1905330	0.00695801	-0.00451660	1.00048828
1905430	0.00769043	-0.00463867	1.00048828
1905530	0.00695801	-0.00451660	1.00024414
1905630	0.00708008	-0.00378418	1.00097656
1905730	0.00732422	-0.00390625	1.00085449
1905830	0.00634766	-0.00366211	1.00073242
1905930	0.00671387	-0.00341797	1.00061035
1906030	0.00793457	-0.00305176	0.99975586
1906130	0.00671387	-0.00402832	1.00048828
1906230	0.00695801	-0.00402832	1.00000000
1906330	0.00708008	-0.00341797	1.00048828
1906430	0.00683594	-0.00390625	1.00012207
1906530	0.00671387	-0.00354004	1.00036621
1906630	0.00659180	-0.00354004	1.00036621
1906730	0.00671387	-0.00341797	1.00061035
1906830	0.00744629	-0.00451660	1.00048828
1906930	0.00622559	-0.00378418	1.00024414
1907030	0.00610352	-0.00415039	1.00012207
1907130	0.00634766	-0.00463867	1.00048828
1907230	0.00708008	-0.00415039	1.00061035
1907330	0.00683594	-0.00329590	0.99975586
1907430	0.00683594	-0.00378418	1.00048828
1907530	0.00756836	-0.00329590	0.99975586
1907630	0.00634766	-0.00329590	1.03100586
1907730	0.00610352	-0.00366211	1.00048828
1907830	0.00549316	-0.00451660	1.00036621
1907930	0.00708008	-0.00354004	1.00036621
1908030	0.00683594	-0.00415039	1.00000000
1908130	0.00695801	-0.00476074	1.00036621
1908230	0.00683594	-0.00341797	1.00061035
1908330	0.00720215	-0.00390625	1.00036621
1908430	0.00695801	-0.00354004	1.00048828
1908530	0.00720215	-0.00378418	1.00048828
1908630	0.00646973	-0.00390625	1.00024414
1908730	0.00695801	-0.00378418	1.00036621
1908830	0.00720215	-0.00415039	1.00048828
1908930	0.00634766	-0.00415039	1.00048828
1909030	0.00683594	-0.00354004	1.00048828
1909130	0.00732422	-0.00402832	1.00061035
1909230	0.00671387	-0.00390625	1.00061035
1909330	0.00634766	-0.00439453	1.00036621
1909430	0.00622559	-0.00415039	1.00012207
1909530	0.00720215	-0.00305176	1.00048828
1909630	0.00708008	-0.00390625	1.00048828
1909730	0.00720215	-0.00427246	1.00048828
1909830	0.00634766	-0.00451660	1.00048828
1909930	0.00646973	-0.00415039	1.00036621
1910030	0.00573730	-0.00476074	1.00061035
1910130	0.00659180	-0.00354004	1.00048828
1910230	0.00610352	-0.00463867	1.00048828
1910330	0.00610352	-0.00366211	1.00061035
1910430	0.00573730	-0.00354004	1.00048828
1910530	0.00646973	-0.00305176	1.00036621
1910630	0.00659180	-0.00305176	1.00048828
1910730	0.00622559	-0.00256348	1.00061035
1910830	0.00646973	-0.00305176	1.00036621
1910930	0.00646973	-0.00341797	1.00048828
1911030	0.00695801	-0.00439453	1.00048828
1911130	0.00610352	-0.00378418	1.00048828
1911230	0.00708008	-0.00341797	1.00048828
1911330	0.00634766	-0.00378418	1.00036621
1911430	0.00683594	-0.00390625	0.99951172
1911530	0.00659180	-0.00390625	1.00036621
1911630	0.00634766	-0.00329590	1.00048828
1911730	0.00646973	-0.00390625	1.00061035
1911830	0.00622559	-0.00427246	1.00048828
1911930	0.00683594	-0.00463867	1.00036621
1912030	0.00561523	-0.00500488	1.00048828
1912130	0.00720215	-0.00378418	1.00048828
1912230	0.00720215	-0.00427246	1.00000000
1912330	0.00744629	-0.00439453	0.99951172
1912430	0.00781250	-0.00476074	0.99902344
1912530	0.00683594	-0.00341797	1.00048828
1912630	0.00720215	-0.00427246	1.00036621
1912730	0.00708008	-0.00354004	1.00061035
1912830	0.00708008	-0.00390625	1.00097656
1912930	0.00585938	-0.00463867	1.00170898
1913030	0.00646973	-0.00500488	1.00061035
1913130	0.00634766	-0.00390625	1.00048828
1913230	0.00622559	-0.00427246	1.00061035
1913330	0.00744629	-0.00390625	1.00061035
1913430	0.00646973	-0.00366211	1.00048828
1913530	0.00671387	-0.00354004	1.00048828
1913630	0.00683594	-0.00354004	1.00048828
1913730	0.00610352	-0.00451660	1.00048828
1913830	0.00561523	-0.00390625	1.00061035
1913930	0.00622559	-0.00390625	1.00048828
1914030	0.00659180	-0.00451660	1.00048828
1914130	0.00720215	-0.00439453	1.00048828
1914230	0.00634766	-0.00354004	1.00061035
1914330	0.00708008	-0.00292969	1.00048828
1914430	0.00769043	-0.00305176	1.00048828
1914530	0.00695801	-0.00341797	1.00048828
1914630	0.00695801	-0.00341797	1.00048828
1914730	0.00598145	-0.00378418	1.00048828
1914830	0.00695801	-0.00354004	1.00024414
1914930	0.00537109	-0.00402832	1.00061035
1915030	0.00646973	-0.00366211	1.00048828
1915130	0.00610352	-0.00354004	1.00061035
1915230	0.00659180	-0.00378418	1.00048828
1915330	0.00634766	-0.00354004	1.00061035
1915430	0.00573730	-0.00439453	1.00061035
1915530	0.00683594	-0.00463867	1.00061035
1915630	0.00634766	-0.00402832	1.00048828
1915730	0.00671387	-0.00378418	1.00048828
1915830	0.00549316	-0.00451660	1.00048828
1915930	0.00537109	-0.00390625	1.00048828
1916030	0.00622559	-0.00512695	1.00048828
1916130	0.00671387	-0.00354004	1.00048828
1916230	0.00573730	-0.00292969	1.00048828
1916330	0.00732422	-0.00415039	1.00048828
1916430	0.00622559	-0.00402832	1.00061035
1916530	0.00598145	-0.00354004	1.00036621
1916630	0.00610352	-0.00378418	1.00048828
1916730	0.00708008	-0.00366211	1.00048828
1916830	0.00744629	-0.00463867	1.00012207
1916930	0.00708008	-0.00354004	1.00024414
1917030	0.00744629	-0.00354004	1.00012207
1917130	0.00708008	-0.00439453	0.99914551
1917230	0.00695801	-0.00305176	0.99877930
1917330	0.00634766	-0.00366211	0.99890137
1917430	0.00683594	-0.00415039	0.99877930
1917530	0.00671387	-0.00341797	0.99938965
1917630	0.00598145	-0.00354004	0.99938965
1917730	0.00683594	-0.00415039	0.99914551
1917830	0.00683594	-0.00402832	1.00036621
1917930	0.00646973	-0.00402832	0.99963379
1918030	0.00683594	-0.00512695	1.00000000
1918130	0.00732422	-0.00488281	0.99963379
1918230	0.00573730	-0.00476074	0.99963379
1918330	0.00573730	-0.00354004	0.99963379
1918430	0.00610352	-0.00378418	1.00012207
1918530	0.00561523	-0.00354004	1.00048828
1918630	0.00671387	-0.00402832	0.99987793
1918730	0.00573730	-0.00354004	1.00048828
1918830	0.00671387	-0.00378418	0.99877930
1918930	0.00622559	-0.00439453	1.00048828
1919030	0.00634766	-0.00366211	1.00036621
1919130	0.00610352	-0.00268555	1.00048828
1919230	0.00695801	-0.00317383	0.99963379
1919330	0.00634766	-0.00256348	1.00024414
1919430	0.00646973	-0.00256348	1.00000000
1919530	0.00622559	-0.00366211	1.00024414
1919630	0.00622559	-0.00366211	1.00048828
1919730	0.00683594	-0.00366211	1.00048828
1919830	0.00512695	-0.00451660	1.00036621
1919930	0.00671387	-0.00451660	1.00048828
1920030	0.00537109	-0.00390625	1.00012207
1920130	0.00585938	-0.00402832	1.00024414
1920230	0.00549316	-0.00427246	0.99975586
1920330	0.00646973	-0.00390625	1.00024414
1920430	0.00537109	-0.00341797	0.99938965
1920530	0.00561523	-0.00317383	0.99938965
1920630	0.00646973	-0.00341797	1.00012207
1920730	0.00634766	-0.00500488	1.00000000
1920830	0.00720215	-0.00402832	1.00048828
1920930	0.00659180	-0.00390625	1.00012207
1921030	0.00646973	-0.00402832	1.00048828
1921130	0.00720215	-0.00439453	1.00097656
1921230	0.00732422	-0.00415039	1.00122070
1921330	0.00512695	-0.00390625	1.00048828
1921430	0.00598145	-0.00341797	1.00085449
1921530	0.00708008	-0.00280762	1.00036621
1921630	0.00585938	-0.00354004	1.00048828
1921730	0.00585938	-0.00341797	1.00061035
1921830	0.00585938	-0.00402832	1.00061035
1921930	0.00573730	-0.00378418	1.00048828
1922030	0.00671387	-0.00427246	1.00061035
1922130	0.00659180	-0.00366211	1.00061035
1922230	0.00573730	-0.00390625	1.00036621
1922330	0.00695801	-0.00378418	1.00048828
1922430	0.00610352	-0.00366211	1.00048828
1922530	0.00708008	-0.00292969	1.00024414
1922630	0.00646973	-0.00341797	1.00036621
1922730	0.00695801	-0.00317383	1.00048828
1922830	0.00683594	-0.00402832	1.00048828
1922930	0.00659180	-0.00402832	1.00048828
1923030	0.00732422	-0.00317383	1.00036621
1923130	0.00683594	-0.00354004	1.00048828
1923230	0.00683594	-0.00317383	1.00036621
1923330	0.00744629	-0.00292969	1.00048828
1923430	0.00610352	-0.00329590	1.00048828
1923530	0.00671387	-0.00329590	1.00048828
1923630	0.00598145	-0.00341797	1.00061035
1923730	0.00610352	-0.00439453	1.00061035
1923830	0.00598145	-0.00390625	1.00048828
1923930	0.00585938	-0.00402832	1.00061035
1924030	0.00585938	-0.00378418	1.00012207
1924130	0.00549316	-0.00378418	1.00048828
1924230	0.00549316	-0.00366211	1.00036621
1924330	0.00659180	-0.00402832	1.00036621
1924430	0.00573730	-0.00317383	1.00024414
1924530	0.00561523	-0.00366211	1.00024414
1924630	0.00671387	-0.00415039	1.00036621
1924730	0.00634766	-0.00256348	0.99951172
1924830	0.00634766	-0.00195313	1.00012207
1924930	0.00537109	-0.00354004	1.00048828
1925030	0.00585938	-0.00390625	1.00000000
1925130	0.00683594	-0.00292969	1.00048828
1925230	0.00646973	-0.00256348	1.00048828
1925330	0.00659180	-0.00292969	1.00036621
1925430	0.00634766	-0.00268555	1.00012207
1925530	0.00671387	-0.00305176	1.00061035
1925630	0.00549316	-0.00366211	1.00036621
1925730	0.00646973	-0.00354004	1.00048828
1925830	0.00561523	-0.00427246	1.00048828
1925930	0.00500488	-0.00378418	1.00036621
1926030	0.00622559	-0.00341797	1.00061035
1926130	0.00610352	-0.00354004	1.00048828
1926230	0.00585938	-0.00366211	1.00048828
1926330	0.00561523	-0.00341797	1.00048828
1926430	0.00561523	-0.00317383	1.00048828
1926530	0.00585938	-0.00366211	1.00048828
1926630	0.00646973	-0.00329590	1.00048828
1926730	0.00573730	-0.00402832	1.00048828
1926830	0.00561523	-0.00366211	1.00048828
1926930	0.00622559	-0.00354004	1.00061035
1927030	0.00659180	-0.00329590	1.00048828
1927130	0.00659180	-0.00354004	1.00048828
1927230	0.00708008	-0.00378418	1.00024414
1927330	0.00549316	-0.00524902	1.00024414
1927430	0.00573730	-0.00390625	1.00048828
1927530	0.00671387	-0.00341797	1.00048828
1927630	0.00610352	-0.00402832	1.00048828
1927730	0.00622559	-0.00463867	1.00000000
1927830	0.00610352	-0.00488281	1.00024414
1927930	0.00634766	-0.00415039	1.00036621
1928030	0.00598145	-0.00439453	1.00012207
1928130	0.00781250	-0.00488281	1.00048828
1928230	0.00708008	-0.00341797	1.00024414
1928330	0.00708008	-0.00366211	0.99975586
1928430	0.00671387	-0.00427246	1.00024414
1928530	0.00634766	-0.00366211	1.00109863
1928630	0.00671387	-0.00354004	1.00061035
1928730	0.00659180	-0.00415039	1.00061035
1928830	0.00732422	-0.00292969	1.00048828
1928930	0.00646973	-0.00390625	1.00048828
1929030	0.00622559	-0.00268555	1.00048828
1929130	0.00671387	-0.00329590	0.99987793
1929230	0.00671387	-0.00341797	1.00024414
1929330	0.00598145	-0.00366211	1.00036621
1929430	0.00683594	-0.00305176	1.00024414
1929530	0.00634766	-0.00305176	1.00036621
1929630	0.00646973	-0.00366211	1.00012207
1929730	0.00622559	-0.00378418	1.00048828
1929830	0.00622559	-0.00378418	1.00048828
1929930	0.00598145	-0.00439453	1.00048828
1930030	0.00622559	-0.00439453	0.99975586
1930130	0.00622559	-0.00292969	1.00036621
1930230	0.00695801	-0.00427246	1.00024414
1930330	0.00695801	-0.00329590	0.99951172
1930430	0.00622559	-0.00390625	1.00048828
1930530	0.00720215	-0.00354004	1.00036621
1930630	0.00634766	-0.00366211	0.99951172
1930730	0.00720215	-0.00390625	1.00048828
1930830	0.00708008	-0.00415039	1.00024414
1930930	0.00598145	-0.00500488	0.99926758
1931030	0.00598145	-0.00390625	0.99951172
1931130	0.00695801	-0.00427246	0.99938965
1931230	0.00695801	-0.00317383	0.99938965
1931330	0.00659180	-0.00317383	1.00048828
1931430	0.00585938	-0.00317383	0.99914551
1931530	0.00500488	-0.00378418	1.00048828
1931630	0.00622559	-0.00329590	0.99975586
1931730	0.00683594	-0.00354004	1.00048828
1931830	0.00695801	-0.00463867	1.00036621
1931930	0.00585938	-0.00415039	1.00036621
1932030	0.00671387	-0.00390625	1.00048828
1932130	0.00646973	-0.00476074	1.00012207
1932230	0.00622559	-0.00427246	1.00000000
1932330	0.00781250	-0.00354004	0.99975586
1932430	0.00695801	-0.00390625	1.00048828
1932530	0.00610352	-0.00292969	1.00036621
1932630	0.00695801	-0.00366211	0.99963379
1932730	0.00610352	-0.00390625	1.00024414
1932830	0.00659180	-0.00366211	1.00036621
1932930	0.00634766	-0.00366211	1.00048828
1933030	0.00683594	-0.00305176	1.00036621
1933130	0.00695801	-0.00366211	1.00036621
1933230	0.00695801	-0.00378418	1.00024414
1933330	0.00671387	-0.00390625	0.99963379
1933430	0.00732422	-0.00378418	1.00012207
1933530	0.00549316	-0.00329590	1.00048828
1933630	0.00646973	-0.00329590	1.00012207
1933730	0.00683594	-0.00415039	1.00036621
